,name,handedness,height,weight,avg,HR,height_group,weight_group,avg_group
0,Tom Brown,R,73,170,0.0,0,"(72, 73]","(165, 170]","[0.0, 0.02)"
1,Denny Lemaster,R,73,182,0.13,4,"(72, 73]","(180, 185]","[0.12, 0.14)"
2,Joe Nolan,L,71,175,0.263,27,"(70, 71]","(170, 175]","[0.26, 0.28)"
3,Denny Doyle,L,69,175,0.25,16,"(68, 69]","(170, 175]","[0.24, 0.26)"
4,Jose Cardenal,R,70,150,0.275,138,"(69, 70]","(145, 150]","[0.26, 0.28)"
5,Mike Ryan,R,74,205,0.193,28,"(73, 74]","(200, 205]","[0.18, 0.2)"
6,Fritz Peterson,B,72,185,0.159,2,"(71, 72]","(180, 185]","[0.14, 0.16)"
7,Dick Bertell,R,72,200,0.25,10,"(71, 72]","(195, 200]","[0.24, 0.26)"
8,Rod Kanehl,R,73,180,0.24100000000000002,6,"(72, 73]","(175, 180]","[0.24, 0.26)"
9,Ozzie Osborn,R,74,195,0.0,0,"(73, 74]","(190, 195]","[0.0, 0.02)"
10,John LaRose,L,73,185,0.0,0,"(72, 73]","(180, 185]","[0.0, 0.02)"
11,Jeff Byrd,R,75,195,0.0,0,"(74, 75]","(190, 195]","[0.0, 0.02)"
12,Juan Bonilla,R,69,170,0.256,7,"(68, 69]","(165, 170]","[0.24, 0.26)"
13,Frank Tepedino,L,71,185,0.24100000000000002,6,"(70, 71]","(180, 185]","[0.24, 0.26)"
14,Jerry Kutzler,L,73,175,0.0,0,"(72, 73]","(170, 175]","[0.0, 0.02)"
15,Rick Wise,R,73,180,0.195,15,"(72, 73]","(175, 180]","[0.18, 0.2)"
16,Darrell Evans,L,74,200,0.248,414,"(73, 74]","(195, 200]","[0.24, 0.26)"
17,Buck Martinez,R,70,190,0.225,58,"(69, 70]","(185, 190]","[0.22, 0.24)"
18,John Wockenfuss,R,72,190,0.262,86,"(71, 72]","(185, 190]","[0.26, 0.28)"
19,Tommy McCraw,L,72,183,0.24600000000000002,75,"(71, 72]","(180, 185]","[0.24, 0.26)"
20,Jeff Barkley,B,75,185,0.0,0,"(74, 75]","(180, 185]","[0.0, 0.02)"
21,Eric Wilkins,R,73,190,0.0,0,"(72, 73]","(185, 190]","[0.0, 0.02)"
22,Britt Burns,L,77,215,0.0,0,"(76, 77]","(210, 215]","[0.0, 0.02)"
23,Lee Lacy,R,73,175,0.28600000000000003,91,"(72, 73]","(170, 175]","[0.28, 0.3)"
24,Pete Rose,B,71,192,0.303,160,"(70, 71]","(190, 195]","[0.3, 0.32)"
25,Danny Walton,R,72,195,0.223,28,"(71, 72]","(190, 195]","[0.22, 0.24)"
26,Bobby Cox,R,71,180,0.225,9,"(70, 71]","(175, 180]","[0.22, 0.24)"
27,Brad Wellman,R,72,170,0.231,6,"(71, 72]","(165, 170]","[0.22, 0.24)"
28,Jeff Newman,R,74,215,0.22399999999999998,63,"(73, 74]","(210, 215]","[0.22, 0.24)"
29,Pedro Gonzalez,R,72,176,0.244,8,"(71, 72]","(175, 180]","[0.24, 0.26)"
30,Nardi Contreras,B,74,193,0.0,0,"(73, 74]","(190, 195]","[0.0, 0.02)"
31,Tommie Reynolds,R,74,190,0.226,12,"(73, 74]","(185, 190]","[0.22, 0.24)"
32,Gene Clines,R,69,170,0.27699999999999997,5,"(68, 69]","(165, 170]","[0.26, 0.28)"
33,Jim Hickman,R,75,192,0.252,159,"(74, 75]","(190, 195]","[0.24, 0.26)"
34,Jack Billingham,R,76,195,0.111,0,"(75, 76]","(190, 195]","[0.1, 0.12)"
35,Jerry Buchek,R,71,185,0.22,22,"(70, 71]","(180, 185]","[0.22, 0.24)"
36,Ivan DeJesus,R,71,175,0.254,21,"(70, 71]","(170, 175]","[0.24, 0.26)"
37,Gary Nolan,R,74,197,0.138,1,"(73, 74]","(195, 200]","[0.12, 0.14)"
38,Gil Patterson,R,73,185,0.0,0,"(72, 73]","(180, 185]","[0.0, 0.02)"
39,Fred Whitfield,L,73,190,0.253,108,"(72, 73]","(185, 190]","[0.24, 0.26)"
40,Larry Dierker,R,76,215,0.136,4,"(75, 76]","(210, 215]","[0.12, 0.14)"
41,Dave Skaggs,R,74,200,0.24100000000000002,3,"(73, 74]","(195, 200]","[0.24, 0.26)"
42,Dick Ruthven,R,75,190,0.183,1,"(74, 75]","(185, 190]","[0.18, 0.2)"
43,Jerry Garvin,L,75,195,0.0,0,"(74, 75]","(190, 195]","[0.0, 0.02)"
44,Steve Eddy,R,74,185,0.0,0,"(73, 74]","(180, 185]","[0.0, 0.02)"
45,Dave Kingman,R,78,210,0.23600000000000002,442,"(77, 78]","(205, 210]","[0.22, 0.24)"
46,Eric Soderholm,R,71,187,0.264,102,"(70, 71]","(185, 190]","[0.26, 0.28)"
47,Kevin Mmahat,L,77,220,0.0,0,"(76, 77]","(215, 220]","[0.0, 0.02)"
48,Ed Brinkman,R,72,170,0.22399999999999998,60,"(71, 72]","(165, 170]","[0.22, 0.24)"
49,Wayne Garrett,L,71,175,0.239,61,"(70, 71]","(170, 175]","[0.22, 0.24)"
50,Tony Muser,L,74,180,0.259,7,"(73, 74]","(175, 180]","[0.24, 0.26)"
51,Jim Siwy,R,76,200,0.0,0,"(75, 76]","(195, 200]","[0.0, 0.02)"
52,Bud Anderson,R,75,210,0.0,0,"(74, 75]","(205, 210]","[0.0, 0.02)"
53,Ted Ford,R,70,180,0.21899999999999997,17,"(69, 70]","(175, 180]","[0.2, 0.22)"
54,Kevin Stanfield,L,72,190,0.0,0,"(71, 72]","(185, 190]","[0.0, 0.02)"
55,Jim Lyttle,L,72,180,0.248,9,"(71, 72]","(175, 180]","[0.24, 0.26)"
56,John Butcher,R,76,185,0.0,0,"(75, 76]","(180, 185]","[0.0, 0.02)"
57,Jerry Ujdur,R,73,195,0.0,0,"(72, 73]","(190, 195]","[0.0, 0.02)"
58,Scot Thompson,L,75,195,0.262,5,"(74, 75]","(190, 195]","[0.26, 0.28)"
59,Gene Locklear,L,70,165,0.27399999999999997,9,"(69, 70]","(160, 165]","[0.26, 0.28)"
60,Bo Diaz,R,71,185,0.255,87,"(70, 71]","(180, 185]","[0.24, 0.26)"
61,Bump Wills,B,69,172,0.266,36,"(68, 69]","(170, 175]","[0.26, 0.28)"
62,Brian Denman,R,76,205,0.0,0,"(75, 76]","(200, 205]","[0.0, 0.02)"
63,Pat Putnam,L,72,205,0.255,63,"(71, 72]","(200, 205]","[0.24, 0.26)"
64,Kurt Bevacqua,R,72,180,0.23600000000000002,27,"(71, 72]","(175, 180]","[0.22, 0.24)"
65,Bob Fallon,L,75,200,0.0,0,"(74, 75]","(195, 200]","[0.0, 0.02)"
66,Syd O'Brien,R,73,185,0.23,24,"(72, 73]","(180, 185]","[0.22, 0.24)"
67,Chris Chambliss,L,73,195,0.27899999999999997,185,"(72, 73]","(190, 195]","[0.26, 0.28)"
68,Tom Satriano,L,73,185,0.225,21,"(72, 73]","(180, 185]","[0.22, 0.24)"
69,Jeffrey Leonard,R,74,200,0.266,144,"(73, 74]","(195, 200]","[0.26, 0.28)"
70,Dal Maxvill,R,71,157,0.217,6,"(70, 71]","(155, 160]","[0.2, 0.22)"
71,Steve Curry,R,78,217,0.0,0,"(77, 78]","(215, 220]","[0.0, 0.02)"
72,Cesar Tovar,R,69,155,0.278,46,"(68, 69]","(150, 155]","[0.26, 0.28)"
73,Mickey Lolich,B,73,170,0.11,0,"(72, 73]","(165, 170]","[0.1, 0.12)"
74,Ray Chadwick,B,74,180,0.0,0,"(73, 74]","(175, 180]","[0.0, 0.02)"
75,Jack Heidemann,R,72,175,0.21100000000000002,9,"(71, 72]","(170, 175]","[0.2, 0.22)"
76,Rich Rollins,R,70,185,0.26899999999999996,77,"(69, 70]","(180, 185]","[0.26, 0.28)"
77,Walt Bond,L,79,228,0.256,41,"(78, 79]","(225, 230]","[0.24, 0.26)"
78,Merv Rettenmund,R,70,190,0.271,66,"(69, 70]","(185, 190]","[0.26, 0.28)"
79,Bryan Clutterbuck,R,76,223,0.0,0,"(75, 76]","(220, 225]","[0.0, 0.02)"
80,Byron Browne,R,74,190,0.23600000000000002,30,"(73, 74]","(185, 190]","[0.22, 0.24)"
81,Hector Torres,R,72,175,0.21600000000000003,18,"(71, 72]","(170, 175]","[0.2, 0.22)"
82,Walt Williams,R,66,165,0.27,33,"(65, 66]","(160, 165]","[0.26, 0.28)"
83,Jerry Koosman,R,74,205,0.11900000000000001,2,"(73, 74]","(200, 205]","[0.1, 0.12)"
84,Steve Lombardozzi,R,72,175,0.233,20,"(71, 72]","(170, 175]","[0.22, 0.24)"
85,Joe Azcue,R,72,190,0.252,50,"(71, 72]","(185, 190]","[0.24, 0.26)"
86,Elliott Maddox,R,71,180,0.261,18,"(70, 71]","(175, 180]","[0.26, 0.28)"
87,Omar Moreno,L,74,180,0.252,37,"(73, 74]","(175, 180]","[0.24, 0.26)"
88,Julian Javier,R,73,175,0.257,78,"(72, 73]","(170, 175]","[0.24, 0.26)"
89,Tony Ferreira,L,73,160,0.0,0,"(72, 73]","(155, 160]","[0.0, 0.02)"
90,Elio Chacon,R,69,160,0.23199999999999998,4,"(68, 69]","(155, 160]","[0.22, 0.24)"
91,Rusty Torres,B,70,175,0.212,35,"(69, 70]","(170, 175]","[0.2, 0.22)"
92,John Stearns,R,72,185,0.26,46,"(71, 72]","(180, 185]","[0.26, 0.28)"
93,Larry Brown,R,70,160,0.233,47,"(69, 70]","(155, 160]","[0.22, 0.24)"
94,Tommy Dean,R,72,165,0.18,4,"(71, 72]","(160, 165]","[0.18, 0.2)"
95,Bryan Oelkers,L,75,192,0.0,0,"(74, 75]","(190, 195]","[0.0, 0.02)"
96,Kevin Bearse,L,74,195,0.0,0,"(73, 74]","(190, 195]","[0.0, 0.02)"
97,Marty Martinez,B,72,170,0.243,0,"(71, 72]","(165, 170]","[0.24, 0.26)"
98,Bruce Boisclair,L,74,185,0.263,10,"(73, 74]","(180, 185]","[0.26, 0.28)"
99,Ken Singleton,B,76,210,0.282,246,"(75, 76]","(205, 210]","[0.28, 0.3)"
100,Frank White,R,71,165,0.255,160,"(70, 71]","(160, 165]","[0.24, 0.26)"
101,Jim Fairey,L,70,190,0.235,7,"(69, 70]","(185, 190]","[0.22, 0.24)"
102,Jose Roman,R,72,175,0.0,0,"(71, 72]","(170, 175]","[0.0, 0.02)"
103,Tom Brookens,R,70,165,0.24600000000000002,71,"(69, 70]","(160, 165]","[0.24, 0.26)"
104,Gary Thomasson,L,73,180,0.249,61,"(72, 73]","(175, 180]","[0.24, 0.26)"
105,Mike Trujillo,R,73,180,0.0,0,"(72, 73]","(175, 180]","[0.0, 0.02)"
106,Albert Williams,R,76,190,0.0,0,"(75, 76]","(185, 190]","[0.0, 0.02)"
107,Oswaldo Peraza,R,76,172,0.0,0,"(75, 76]","(170, 175]","[0.0, 0.02)"
108,Otto Velez,R,72,170,0.251,78,"(71, 72]","(165, 170]","[0.24, 0.26)"
109,Tony Scott,B,72,164,0.249,17,"(71, 72]","(160, 165]","[0.24, 0.26)"
110,Ray Oyler,R,71,165,0.175,15,"(70, 71]","(160, 165]","[0.16, 0.18)"
111,Barry Cort,R,77,210,0.0,0,"(76, 77]","(205, 210]","[0.0, 0.02)"
112,Floyd Robinson,L,69,175,0.28300000000000003,67,"(68, 69]","(170, 175]","[0.28, 0.3)"
113,Steve Jeltz,B,71,180,0.21,5,"(70, 71]","(175, 180]","[0.2, 0.22)"
114,Lou Brock,L,71,170,0.293,149,"(70, 71]","(165, 170]","[0.28, 0.3)"
115,Bill Wilkinson,R,70,160,0.0,0,"(69, 70]","(155, 160]","[0.0, 0.02)"
116,Joe Lovitto,B,72,185,0.21600000000000003,4,"(71, 72]","(180, 185]","[0.2, 0.22)"
117,Mike Loynd,R,76,210,0.0,0,"(75, 76]","(205, 210]","[0.0, 0.02)"
118,Wayne Comer,R,70,175,0.22899999999999998,16,"(69, 70]","(170, 175]","[0.22, 0.24)"
119,Dave Collins,B,71,175,0.272,32,"(70, 71]","(170, 175]","[0.26, 0.28)"
120,Ed Spiezio,R,71,180,0.23800000000000002,39,"(70, 71]","(175, 180]","[0.22, 0.24)"
121,Rico Petrocelli,R,72,175,0.251,210,"(71, 72]","(170, 175]","[0.24, 0.26)"
122,Johnny Lewis,L,73,189,0.22699999999999998,22,"(72, 73]","(185, 190]","[0.22, 0.24)"
123,Dick Simpson,R,76,176,0.207,15,"(75, 76]","(175, 180]","[0.2, 0.22)"
124,Ken Boswell,L,72,170,0.248,31,"(71, 72]","(165, 170]","[0.24, 0.26)"
125,Ken McMullen,R,75,190,0.248,156,"(74, 75]","(185, 190]","[0.24, 0.26)"
126,Randy Scarbery,B,73,185,0.0,0,"(72, 73]","(180, 185]","[0.0, 0.02)"
127,Steve Swisher,R,74,205,0.21600000000000003,20,"(73, 74]","(200, 205]","[0.2, 0.22)"
128,Ben Callahan,R,79,230,0.0,0,"(78, 79]","(225, 230]","[0.0, 0.02)"
129,Dick Howser,R,68,155,0.248,16,"(67, 68]","(150, 155]","[0.24, 0.26)"
130,Manny Castillo,B,69,160,0.242,3,"(68, 69]","(155, 160]","[0.24, 0.26)"
131,Mike Ramsey,B,73,170,0.24,2,"(72, 73]","(165, 170]","[0.24, 0.26)"
132,Willie Crawford,L,73,197,0.268,86,"(72, 73]","(195, 200]","[0.26, 0.28)"
133,Bobby Cuellar,R,71,188,0.0,0,"(70, 71]","(185, 190]","[0.0, 0.02)"
134,Willie Norwood,R,72,185,0.242,18,"(71, 72]","(180, 185]","[0.24, 0.26)"
135,Mike Jones,L,78,215,0.0,0,"(77, 78]","(210, 215]","[0.0, 0.02)"
136,Jeff Stone,L,72,175,0.27699999999999997,11,"(71, 72]","(170, 175]","[0.26, 0.28)"
137,Ramon Manon,R,72,150,0.0,0,"(71, 72]","(145, 150]","[0.0, 0.02)"
138,Joe Lahoud,L,73,198,0.223,65,"(72, 73]","(195, 200]","[0.22, 0.24)"
139,Tim Flannery,L,71,175,0.255,9,"(70, 71]","(170, 175]","[0.24, 0.26)"
140,Dave McKay,B,73,195,0.22899999999999998,21,"(72, 73]","(190, 195]","[0.22, 0.24)"
141,John Trautwein,R,75,205,0.0,0,"(74, 75]","(200, 205]","[0.0, 0.02)"
142,Andy Replogle,R,77,205,0.0,0,"(76, 77]","(200, 205]","[0.0, 0.02)"
143,Zach Crouch,L,75,180,0.0,0,"(74, 75]","(175, 180]","[0.0, 0.02)"
144,Benny Ayala,R,73,185,0.251,38,"(72, 73]","(180, 185]","[0.24, 0.26)"
145,Ron Romanick,R,76,195,0.0,0,"(75, 76]","(190, 195]","[0.0, 0.02)"
146,Greg Gross,L,70,160,0.287,7,"(69, 70]","(155, 160]","[0.28, 0.3)"
147,Bruce Tanner,L,75,220,0.0,0,"(74, 75]","(215, 220]","[0.0, 0.02)"
148,Sal Butera,R,72,190,0.22699999999999998,8,"(71, 72]","(185, 190]","[0.22, 0.24)"
149,Jack Brohamer,L,70,165,0.245,30,"(69, 70]","(160, 165]","[0.24, 0.26)"
150,Von Joshua,L,70,170,0.273,30,"(69, 70]","(165, 170]","[0.26, 0.28)"
151,Eddie Milner,L,71,173,0.253,42,"(70, 71]","(170, 175]","[0.24, 0.26)"
152,Johnny Jeter,R,73,180,0.244,18,"(72, 73]","(175, 180]","[0.24, 0.26)"
153,Angel Salazar,R,72,180,0.212,2,"(71, 72]","(175, 180]","[0.2, 0.22)"
154,Tony Oliva,L,73,175,0.304,220,"(72, 73]","(170, 175]","[0.3, 0.32)"
155,Cito Gaston,R,75,190,0.256,91,"(74, 75]","(185, 190]","[0.24, 0.26)"
156,Cookie Rojas,R,70,160,0.263,54,"(69, 70]","(155, 160]","[0.26, 0.28)"
157,Rich Morales,R,71,170,0.195,6,"(70, 71]","(165, 170]","[0.18, 0.2)"
158,Dave Ford,R,76,190,0.0,0,"(75, 76]","(185, 190]","[0.0, 0.02)"
159,Dan Ford,R,73,185,0.27,121,"(72, 73]","(180, 185]","[0.26, 0.28)"
160,Barry Raziano,B,70,175,0.0,0,"(69, 70]","(170, 175]","[0.0, 0.02)"
161,Darryl Motley,R,69,196,0.243,44,"(68, 69]","(195, 200]","[0.24, 0.26)"
162,Ozzie Virgil,R,73,180,0.243,98,"(72, 73]","(175, 180]","[0.24, 0.26)"
163,Johnny Oates,L,71,188,0.25,14,"(70, 71]","(185, 190]","[0.24, 0.26)"
164,Pat Underwood,L,72,175,0.0,0,"(71, 72]","(170, 175]","[0.0, 0.02)"
165,Mike Phillips,L,72,170,0.24,11,"(71, 72]","(165, 170]","[0.24, 0.26)"
166,Ron Santo,R,72,190,0.27699999999999997,342,"(71, 72]","(185, 190]","[0.26, 0.28)"
167,Jay Johnstone,L,73,175,0.267,102,"(72, 73]","(170, 175]","[0.26, 0.28)"
168,Jim Ray Hart,R,71,185,0.278,170,"(70, 71]","(180, 185]","[0.26, 0.28)"
169,Marc Hill,R,75,205,0.223,34,"(74, 75]","(200, 205]","[0.22, 0.24)"
170,Joel McKeon,L,72,185,0.0,0,"(71, 72]","(180, 185]","[0.0, 0.02)"
171,Danny Fife,R,75,175,0.0,0,"(74, 75]","(170, 175]","[0.0, 0.02)"
172,Chico Salmon,R,70,160,0.249,31,"(69, 70]","(155, 160]","[0.24, 0.26)"
173,Joe Niekro,R,73,185,0.156,1,"(72, 73]","(180, 185]","[0.14, 0.16)"
174,Andy Etchebarren,R,73,190,0.235,49,"(72, 73]","(185, 190]","[0.22, 0.24)"
175,Ken Berry,R,72,175,0.255,58,"(71, 72]","(170, 175]","[0.24, 0.26)"
176,Dave Concepcion,R,74,155,0.267,101,"(73, 74]","(150, 155]","[0.26, 0.28)"
177,Junior Moore,R,71,185,0.264,7,"(70, 71]","(180, 185]","[0.26, 0.28)"
178,Mike Richardt,R,72,170,0.226,4,"(71, 72]","(165, 170]","[0.22, 0.24)"
179,Chris Brown,R,72,185,0.26899999999999996,38,"(71, 72]","(180, 185]","[0.26, 0.28)"
180,Al Bumbry,L,68,170,0.281,54,"(67, 68]","(165, 170]","[0.28, 0.3)"
181,Al Downing,R,71,175,0.127,2,"(70, 71]","(170, 175]","[0.12, 0.14)"
182,Bob Didier,B,72,190,0.22899999999999998,0,"(71, 72]","(185, 190]","[0.22, 0.24)"
183,Jake Gibbs,L,72,180,0.233,25,"(71, 72]","(175, 180]","[0.22, 0.24)"
184,Garry Hancock,L,72,175,0.247,12,"(71, 72]","(170, 175]","[0.24, 0.26)"
185,Ed Kranepool,L,75,205,0.261,118,"(74, 75]","(200, 205]","[0.26, 0.28)"
186,Rick Rhoden,R,75,195,0.23800000000000002,9,"(74, 75]","(190, 195]","[0.22, 0.24)"
187,Denny McLain,R,73,185,0.133,1,"(72, 73]","(180, 185]","[0.12, 0.14)"
188,Chuck Hiller,L,71,170,0.243,20,"(70, 71]","(165, 170]","[0.24, 0.26)"
189,Jorge Orta,L,70,170,0.278,130,"(69, 70]","(165, 170]","[0.26, 0.28)"
190,Dave Cash,R,71,170,0.28300000000000003,21,"(70, 71]","(165, 170]","[0.28, 0.3)"
191,Bucky Dent,R,69,170,0.247,40,"(68, 69]","(165, 170]","[0.24, 0.26)"
192,Andy Beene,R,75,205,0.0,0,"(74, 75]","(200, 205]","[0.0, 0.02)"
193,Bruce Robbins,L,73,190,0.0,0,"(72, 73]","(185, 190]","[0.0, 0.02)"
194,Tony Gonzalez,L,69,170,0.28600000000000003,103,"(68, 69]","(165, 170]","[0.28, 0.3)"
195,Leon Hooten,R,71,180,0.0,0,"(70, 71]","(175, 180]","[0.0, 0.02)"
196,Larry Haney,R,74,195,0.215,12,"(73, 74]","(190, 195]","[0.2, 0.22)"
197,Billy Conigliaro,R,72,180,0.256,40,"(71, 72]","(175, 180]","[0.24, 0.26)"
198,Gary Roenicke,R,75,205,0.247,121,"(74, 75]","(200, 205]","[0.24, 0.26)"
199,Don Lock,R,74,195,0.23800000000000002,122,"(73, 74]","(190, 195]","[0.22, 0.24)"
200,Billy Cowan,R,72,170,0.23600000000000002,40,"(71, 72]","(165, 170]","[0.22, 0.24)"
201,Billy Smith,B,74,185,0.23,17,"(73, 74]","(180, 185]","[0.22, 0.24)"
202,Allan Ramirez,R,70,180,0.0,0,"(69, 70]","(175, 180]","[0.0, 0.02)"
203,Tony Perez,R,74,175,0.27899999999999997,379,"(73, 74]","(170, 175]","[0.26, 0.28)"
204,Chuck Schilling,R,70,160,0.239,23,"(69, 70]","(155, 160]","[0.22, 0.24)"
205,Hal McRae,R,71,180,0.29,191,"(70, 71]","(175, 180]","[0.28, 0.3)"
206,Dave Roberts,R,75,215,0.239,49,"(74, 75]","(210, 215]","[0.22, 0.24)"
207,Brian Allard,R,73,175,0.0,0,"(72, 73]","(170, 175]","[0.0, 0.02)"
208,Jim Lefebvre,B,72,180,0.251,74,"(71, 72]","(175, 180]","[0.24, 0.26)"
209,Fernando Arroyo,R,74,180,0.0,0,"(73, 74]","(175, 180]","[0.0, 0.02)"
210,Gary Beare,R,76,205,0.0,0,"(75, 76]","(200, 205]","[0.0, 0.02)"
211,Charlie Spikes,R,75,215,0.24600000000000002,65,"(74, 75]","(210, 215]","[0.24, 0.26)"
212,Brian Dubois,L,70,165,0.0,0,"(69, 70]","(160, 165]","[0.0, 0.02)"
213,Steve Whitaker,L,72,180,0.23,24,"(71, 72]","(175, 180]","[0.22, 0.24)"
214,Manny Jimenez,L,73,185,0.272,26,"(72, 73]","(180, 185]","[0.26, 0.28)"
215,Chris Batton,R,76,195,0.0,0,"(75, 76]","(190, 195]","[0.0, 0.02)"
216,Duffy Dyer,R,72,187,0.221,30,"(71, 72]","(185, 190]","[0.22, 0.24)"
217,Ken Henderson,B,74,180,0.257,122,"(73, 74]","(175, 180]","[0.24, 0.26)"
218,Vance Lovelace,L,77,205,0.0,0,"(76, 77]","(200, 205]","[0.0, 0.02)"
219,Greg Thayer,R,71,182,0.0,0,"(70, 71]","(180, 185]","[0.0, 0.02)"
220,Vern Fuller,R,73,170,0.23199999999999998,14,"(72, 73]","(165, 170]","[0.22, 0.24)"
221,Paul Hartzell,R,77,200,0.0,0,"(76, 77]","(195, 200]","[0.0, 0.02)"
222,Wayne Gross,L,74,210,0.233,121,"(73, 74]","(205, 210]","[0.22, 0.24)"
223,Mike Champion,R,72,185,0.22899999999999998,2,"(71, 72]","(180, 185]","[0.22, 0.24)"
224,Ralph Botting,L,72,195,0.0,0,"(71, 72]","(190, 195]","[0.0, 0.02)"
225,Paul Casanova,R,76,180,0.225,50,"(75, 76]","(175, 180]","[0.22, 0.24)"
226,Steve Rogers,R,74,175,0.138,0,"(73, 74]","(170, 175]","[0.12, 0.14)"
227,Keith Creel,R,74,180,0.0,0,"(73, 74]","(175, 180]","[0.0, 0.02)"
228,Terry Crowley,L,72,180,0.25,42,"(71, 72]","(175, 180]","[0.24, 0.26)"
229,Horace Clarke,B,69,170,0.256,27,"(68, 69]","(165, 170]","[0.24, 0.26)"
230,Lou Clinton,R,73,185,0.247,65,"(72, 73]","(180, 185]","[0.24, 0.26)"
231,Larry Cox,R,70,178,0.221,12,"(69, 70]","(175, 180]","[0.22, 0.24)"
232,Nate Colbert,R,74,190,0.243,173,"(73, 74]","(185, 190]","[0.24, 0.26)"
233,Phil Roof,R,74,190,0.215,43,"(73, 74]","(185, 190]","[0.2, 0.22)"
234,Chuck Hinton,R,73,180,0.264,113,"(72, 73]","(175, 180]","[0.26, 0.28)"
235,Tim Cullen,R,73,185,0.22,9,"(72, 73]","(180, 185]","[0.22, 0.24)"
236,Tim Harkness,L,74,182,0.235,14,"(73, 74]","(180, 185]","[0.22, 0.24)"
237,Rick Bosetti,R,71,185,0.25,17,"(70, 71]","(180, 185]","[0.24, 0.26)"
238,Ron Pruitt,R,72,185,0.26899999999999996,12,"(71, 72]","(180, 185]","[0.26, 0.28)"
239,George Foster,R,73,180,0.27399999999999997,348,"(72, 73]","(175, 180]","[0.26, 0.28)"
240,Jerry White,B,70,164,0.253,21,"(69, 70]","(160, 165]","[0.24, 0.26)"
241,Angel Mangual,R,70,178,0.245,22,"(69, 70]","(175, 180]","[0.24, 0.26)"
242,Ken Gerhart,R,72,190,0.221,24,"(71, 72]","(185, 190]","[0.22, 0.24)"
243,Mike Hershberger,R,70,175,0.252,26,"(69, 70]","(170, 175]","[0.24, 0.26)"
244,Jim French,L,68,180,0.196,5,"(67, 68]","(175, 180]","[0.18, 0.2)"
245,Dave Roberts,L,75,195,0.19399999999999998,7,"(74, 75]","(190, 195]","[0.18, 0.2)"
246,Jim Mason,L,74,185,0.203,12,"(73, 74]","(180, 185]","[0.2, 0.22)"
247,Mike Smith,R,75,180,0.0,0,"(74, 75]","(175, 180]","[0.0, 0.02)"
248,Willie Smith,L,72,182,0.248,46,"(71, 72]","(180, 185]","[0.24, 0.26)"
249,T.R. Bryden,R,76,190,0.0,0,"(75, 76]","(185, 190]","[0.0, 0.02)"
250,Jose Arcia,R,75,170,0.215,1,"(74, 75]","(165, 170]","[0.2, 0.22)"
251,Leon Durham,L,73,185,0.27699999999999997,147,"(72, 73]","(180, 185]","[0.26, 0.28)"
252,Tom Makowski,R,71,185,0.0,0,"(70, 71]","(180, 185]","[0.0, 0.02)"
253,Paul Householder,B,72,180,0.23600000000000002,29,"(71, 72]","(175, 180]","[0.22, 0.24)"
254,Aurelio Rodriguez,R,70,180,0.237,124,"(69, 70]","(175, 180]","[0.22, 0.24)"
255,Jimmy Stewart,B,72,165,0.237,8,"(71, 72]","(160, 165]","[0.22, 0.24)"
256,Dick Phillips,L,72,180,0.22899999999999998,12,"(71, 72]","(175, 180]","[0.22, 0.24)"
257,Andres Thomas,R,73,170,0.23399999999999999,42,"(72, 73]","(165, 170]","[0.22, 0.24)"
258,Ed Crosby,L,74,175,0.22,0,"(73, 74]","(170, 175]","[0.22, 0.24)"
259,Mike de la Hoz,R,71,175,0.251,25,"(70, 71]","(170, 175]","[0.24, 0.26)"
260,Frank Taveras,R,72,155,0.255,2,"(71, 72]","(150, 155]","[0.24, 0.26)"
261,Joe Nossek,R,72,178,0.228,3,"(71, 72]","(175, 180]","[0.22, 0.24)"
262,Larry Stahl,L,72,175,0.23199999999999998,36,"(71, 72]","(170, 175]","[0.22, 0.24)"
263,Jose Cruz,L,72,170,0.284,165,"(71, 72]","(165, 170]","[0.28, 0.3)"
264,Don Mason,L,71,160,0.205,3,"(70, 71]","(155, 160]","[0.2, 0.22)"
265,Bill Robinson,R,74,189,0.258,166,"(73, 74]","(185, 190]","[0.24, 0.26)"
266,Jim Umbarger,L,78,200,0.0,0,"(77, 78]","(195, 200]","[0.0, 0.02)"
267,Sal Bando,R,72,195,0.254,242,"(71, 72]","(190, 195]","[0.24, 0.26)"
268,George Mitterwald,R,74,195,0.23600000000000002,76,"(73, 74]","(190, 195]","[0.22, 0.24)"
269,Mike Darr,R,76,190,0.0,0,"(75, 76]","(185, 190]","[0.0, 0.02)"
270,Craig Robinson,R,70,165,0.21899999999999997,0,"(69, 70]","(160, 165]","[0.2, 0.22)"
271,Bob Tillman,R,76,205,0.23199999999999998,79,"(75, 76]","(200, 205]","[0.22, 0.24)"
272,Curt Wardle,L,77,220,0.0,0,"(76, 77]","(215, 220]","[0.0, 0.02)"
273,Pat Corrales,R,72,180,0.21600000000000003,4,"(71, 72]","(175, 180]","[0.2, 0.22)"
274,Mike Tyson,R,69,170,0.24100000000000002,27,"(68, 69]","(165, 170]","[0.24, 0.26)"
275,Rafael Landestoy,B,70,165,0.237,4,"(69, 70]","(160, 165]","[0.22, 0.24)"
276,Duane Josephson,R,72,190,0.258,23,"(71, 72]","(185, 190]","[0.24, 0.26)"
277,Duane Walker,L,72,185,0.22899999999999998,24,"(71, 72]","(180, 185]","[0.22, 0.24)"
278,Glenn Hubbard,R,69,150,0.244,70,"(68, 69]","(145, 150]","[0.24, 0.26)"
279,Roger Freed,R,72,190,0.245,22,"(71, 72]","(185, 190]","[0.24, 0.26)"
280,George Hendrick,R,75,195,0.278,267,"(74, 75]","(190, 195]","[0.26, 0.28)"
281,Rod Carew,L,72,170,0.32799999999999996,92,"(71, 72]","(165, 170]","[0.32, 0.34)"
282,Bob Davis,R,72,180,0.19699999999999998,6,"(71, 72]","(175, 180]","[0.18, 0.2)"
283,Toby Harrah,R,72,175,0.264,195,"(71, 72]","(170, 175]","[0.26, 0.28)"
284,Rick Manning,L,73,180,0.257,56,"(72, 73]","(175, 180]","[0.24, 0.26)"
285,Israel Sanchez,L,69,170,0.0,0,"(68, 69]","(165, 170]","[0.0, 0.02)"
286,Steve Burke,B,74,200,0.0,0,"(73, 74]","(195, 200]","[0.0, 0.02)"
287,Gary Matthews,R,74,185,0.281,234,"(73, 74]","(180, 185]","[0.28, 0.3)"
288,Cesar Geronimo,L,72,165,0.258,51,"(71, 72]","(160, 165]","[0.24, 0.26)"
289,Billy Bryan,L,76,200,0.21600000000000003,41,"(75, 76]","(195, 200]","[0.2, 0.22)"
290,Terry Taylor,R,73,180,0.0,0,"(72, 73]","(175, 180]","[0.0, 0.02)"
291,Terry Whitfield,L,73,197,0.281,33,"(72, 73]","(195, 200]","[0.28, 0.3)"
292,Mario Mendoza,R,71,170,0.215,4,"(70, 71]","(165, 170]","[0.2, 0.22)"
293,Fred Lynn,L,73,185,0.28300000000000003,306,"(72, 73]","(180, 185]","[0.28, 0.3)"
294,Larry Hisle,R,74,193,0.273,166,"(73, 74]","(190, 195]","[0.26, 0.28)"
295,Graig Nettles,L,72,180,0.248,390,"(71, 72]","(175, 180]","[0.24, 0.26)"
296,Randy Nosek,R,76,215,0.0,0,"(75, 76]","(210, 215]","[0.0, 0.02)"
297,Dave Engle,R,75,210,0.262,31,"(74, 75]","(205, 210]","[0.26, 0.28)"
298,Narciso Elvira,L,70,160,0.0,0,"(69, 70]","(155, 160]","[0.0, 0.02)"
299,Mike Easler,L,72,190,0.293,118,"(71, 72]","(185, 190]","[0.28, 0.3)"
300,Mark Smith,R,74,215,0.0,0,"(73, 74]","(210, 215]","[0.0, 0.02)"
301,Paul Mitchell,R,73,195,0.0,0,"(72, 73]","(190, 195]","[0.0, 0.02)"
302,Rick Sweet,B,73,200,0.23399999999999999,6,"(72, 73]","(195, 200]","[0.22, 0.24)"
303,Thurman Munson,R,71,190,0.292,113,"(70, 71]","(185, 190]","[0.28, 0.3)"
304,Rick Monday,L,75,193,0.264,241,"(74, 75]","(190, 195]","[0.26, 0.28)"
305,Mike Sadek,R,69,165,0.226,5,"(68, 69]","(160, 165]","[0.22, 0.24)"
306,Mark Belanger,R,73,170,0.228,20,"(72, 73]","(165, 170]","[0.22, 0.24)"
307,Ron Hunt,R,72,186,0.273,39,"(71, 72]","(185, 190]","[0.26, 0.28)"
308,Joe Keough,L,72,185,0.24600000000000002,9,"(71, 72]","(180, 185]","[0.24, 0.26)"
309,Butch Edge,R,75,203,0.0,0,"(74, 75]","(200, 205]","[0.0, 0.02)"
310,Vic Correll,R,70,185,0.22899999999999998,29,"(69, 70]","(180, 185]","[0.22, 0.24)"
311,Jackie Hernandez,R,71,165,0.20800000000000002,12,"(70, 71]","(160, 165]","[0.2, 0.22)"
312,Tony Solaita,L,72,210,0.255,50,"(71, 72]","(205, 210]","[0.24, 0.26)"
313,U L Washington,B,71,175,0.251,27,"(70, 71]","(170, 175]","[0.24, 0.26)"
314,Gary Mielke,R,75,185,0.0,0,"(74, 75]","(180, 185]","[0.0, 0.02)"
315,Rick Henninger,R,78,225,0.0,0,"(77, 78]","(220, 225]","[0.0, 0.02)"
316,Joe Foy,R,72,215,0.248,58,"(71, 72]","(210, 215]","[0.24, 0.26)"
317,Ed Goodson,L,75,180,0.26,30,"(74, 75]","(175, 180]","[0.26, 0.28)"
318,Mark Brown,B,74,190,0.0,0,"(73, 74]","(185, 190]","[0.0, 0.02)"
319,Mickey Klutts,R,71,170,0.24100000000000002,14,"(70, 71]","(165, 170]","[0.24, 0.26)"
320,Leroy Stanton,R,73,195,0.244,77,"(72, 73]","(190, 195]","[0.24, 0.26)"
321,Rafael Vasquez,R,72,160,0.0,0,"(71, 72]","(155, 160]","[0.0, 0.02)"
322,Len Whitehouse,L,71,175,0.0,0,"(70, 71]","(170, 175]","[0.0, 0.02)"
323,Danny Ainge,R,76,175,0.22,2,"(75, 76]","(170, 175]","[0.22, 0.24)"
324,Adolfo Phillips,R,73,175,0.247,59,"(72, 73]","(170, 175]","[0.24, 0.26)"
325,Marv Breeding,R,72,175,0.25,7,"(71, 72]","(170, 175]","[0.24, 0.26)"
326,Steve Adkins,R,78,210,0.0,0,"(77, 78]","(205, 210]","[0.0, 0.02)"
327,Dick McAuliffe,L,71,176,0.247,197,"(70, 71]","(175, 180]","[0.24, 0.26)"
328,Joe Horlen,R,72,170,0.134,0,"(71, 72]","(165, 170]","[0.12, 0.14)"
329,Glenn Burke,R,72,195,0.237,2,"(71, 72]","(190, 195]","[0.22, 0.24)"
330,Tony Mack,R,70,177,0.0,0,"(69, 70]","(175, 180]","[0.0, 0.02)"
331,Terry Humphrey,R,75,185,0.21100000000000002,6,"(74, 75]","(180, 185]","[0.2, 0.22)"
332,Bill Moran,R,76,210,0.0,0,"(75, 76]","(205, 210]","[0.0, 0.02)"
333,Enzo Hernandez,R,68,155,0.22399999999999998,2,"(67, 68]","(150, 155]","[0.22, 0.24)"
334,Cesar Gutierrez,R,69,155,0.235,0,"(68, 69]","(150, 155]","[0.22, 0.24)"
335,Coco Laboy,R,70,165,0.233,28,"(69, 70]","(160, 165]","[0.22, 0.24)"
336,Ted Kubiak,B,72,175,0.231,13,"(71, 72]","(170, 175]","[0.22, 0.24)"
337,Jim Morrison,R,71,175,0.26,112,"(70, 71]","(170, 175]","[0.26, 0.28)"
338,Tom Gilles,R,73,185,0.0,0,"(72, 73]","(180, 185]","[0.0, 0.02)"
339,Bobby Knoop,R,73,170,0.23600000000000002,56,"(72, 73]","(165, 170]","[0.22, 0.24)"
340,Bobby Brown,B,74,190,0.245,26,"(73, 74]","(185, 190]","[0.24, 0.26)"
341,Tom Hutton,L,71,180,0.248,22,"(70, 71]","(175, 180]","[0.24, 0.26)"
342,Ron Hodges,L,73,185,0.24,19,"(72, 73]","(180, 185]","[0.24, 0.26)"
343,Rich Chiles,L,71,170,0.254,6,"(70, 71]","(165, 170]","[0.24, 0.26)"
344,Tom Paciorek,R,76,215,0.282,86,"(75, 76]","(210, 215]","[0.28, 0.3)"
345,Gary Woods,R,74,185,0.243,13,"(73, 74]","(180, 185]","[0.24, 0.26)"
346,Bob Montgomery,R,73,195,0.258,23,"(72, 73]","(190, 195]","[0.24, 0.26)"
347,Jeff Burroughs,R,73,200,0.261,240,"(72, 73]","(195, 200]","[0.26, 0.28)"
348,Rusty Staub,L,74,190,0.27899999999999997,292,"(73, 74]","(185, 190]","[0.26, 0.28)"
349,Jim Norris,L,70,175,0.264,7,"(69, 70]","(170, 175]","[0.26, 0.28)"
350,Oscar Gamble,L,71,160,0.265,200,"(70, 71]","(155, 160]","[0.26, 0.28)"
351,Bob Kammeyer,R,76,210,0.0,0,"(75, 76]","(205, 210]","[0.0, 0.02)"
352,George Vukovich,L,72,198,0.268,27,"(71, 72]","(195, 200]","[0.26, 0.28)"
353,Joe Pactwa,L,71,185,0.0,0,"(70, 71]","(180, 185]","[0.0, 0.02)"
354,Craig Reynolds,L,73,175,0.256,42,"(72, 73]","(170, 175]","[0.24, 0.26)"
355,Paul Blair,R,72,168,0.25,134,"(71, 72]","(165, 170]","[0.24, 0.26)"
356,Al Cowens,R,73,197,0.27,108,"(72, 73]","(195, 200]","[0.26, 0.28)"
357,Al Oliver,L,72,195,0.303,219,"(71, 72]","(190, 195]","[0.3, 0.32)"
358,Dave Hilton,R,71,191,0.213,6,"(70, 71]","(190, 195]","[0.2, 0.22)"
359,Luis Alvarado,R,69,162,0.214,5,"(68, 69]","(160, 165]","[0.2, 0.22)"
360,Larry Parrish,R,75,190,0.263,256,"(74, 75]","(185, 190]","[0.26, 0.28)"
361,Woodie Fryman,R,75,197,0.138,2,"(74, 75]","(195, 200]","[0.12, 0.14)"
362,Bob Randall,R,74,175,0.257,1,"(73, 74]","(170, 175]","[0.24, 0.26)"
363,Jim Pankovits,R,70,170,0.25,9,"(69, 70]","(165, 170]","[0.24, 0.26)"
364,Sherman Corbett,L,76,205,0.0,0,"(75, 76]","(200, 205]","[0.0, 0.02)"
365,Carmen Fanzone,R,72,200,0.22399999999999998,20,"(71, 72]","(195, 200]","[0.22, 0.24)"
366,Gary Allenson,R,71,185,0.221,19,"(70, 71]","(180, 185]","[0.22, 0.24)"
367,Milt May,L,72,190,0.263,77,"(71, 72]","(185, 190]","[0.26, 0.28)"
368,Mike Vail,R,73,180,0.27899999999999997,34,"(72, 73]","(175, 180]","[0.26, 0.28)"
369,Nick Esasky,R,75,200,0.25,122,"(74, 75]","(195, 200]","[0.24, 0.26)"
370,Jim Nettles,L,72,186,0.22,16,"(71, 72]","(185, 190]","[0.22, 0.24)"
371,Lafayette Currence,B,71,175,0.0,0,"(70, 71]","(170, 175]","[0.0, 0.02)"
372,Chris Cannizzaro,R,72,190,0.235,18,"(71, 72]","(185, 190]","[0.22, 0.24)"
373,Larry Biittner,L,74,205,0.273,29,"(73, 74]","(200, 205]","[0.26, 0.28)"
374,John Pawlowski,R,74,175,0.0,0,"(73, 74]","(170, 175]","[0.0, 0.02)"
375,Mel Stottlemyre,R,73,178,0.16,7,"(72, 73]","(175, 180]","[0.16, 0.18)"
376,Jack Hardy,R,74,175,0.0,0,"(73, 74]","(170, 175]","[0.0, 0.02)"
377,Ron Musselman,R,74,185,0.0,0,"(73, 74]","(180, 185]","[0.0, 0.02)"
378,Roy Smalley,B,73,185,0.257,163,"(72, 73]","(180, 185]","[0.24, 0.26)"
379,Tony Chevez,R,71,177,0.0,0,"(70, 71]","(175, 180]","[0.0, 0.02)"
380,Andy Messersmith,R,73,200,0.17,5,"(72, 73]","(195, 200]","[0.16, 0.18)"
381,Richie Zisk,R,73,200,0.287,207,"(72, 73]","(195, 200]","[0.28, 0.3)"
382,Dave Chalk,R,70,175,0.252,15,"(69, 70]","(170, 175]","[0.24, 0.26)"
383,Don Baylor,R,73,190,0.26,338,"(72, 73]","(185, 190]","[0.26, 0.28)"
384,John Vukovich,R,73,187,0.161,6,"(72, 73]","(185, 190]","[0.16, 0.18)"
385,Danny Thompson,R,72,183,0.248,15,"(71, 72]","(180, 185]","[0.24, 0.26)"
386,Joe Simpson,L,75,175,0.242,9,"(74, 75]","(170, 175]","[0.24, 0.26)"
387,Bill Fahey,L,72,200,0.24100000000000002,7,"(71, 72]","(195, 200]","[0.24, 0.26)"
388,Doug Camilli,R,71,195,0.19899999999999998,18,"(70, 71]","(190, 195]","[0.18, 0.2)"
389,Bernie Allen,L,72,175,0.239,73,"(71, 72]","(170, 175]","[0.22, 0.24)"
390,Bruce Bochy,R,75,205,0.239,26,"(74, 75]","(200, 205]","[0.22, 0.24)"
391,Gary Ignasiak,R,71,185,0.0,0,"(70, 71]","(180, 185]","[0.0, 0.02)"
392,Claudell Washington,L,72,190,0.278,164,"(71, 72]","(185, 190]","[0.26, 0.28)"
393,John Donaldson,L,71,160,0.23800000000000002,4,"(70, 71]","(155, 160]","[0.22, 0.24)"
394,Mike Smithson,L,80,215,0.0,0,"(79, 80]","(210, 215]","[0.0, 0.02)"
395,John Mayberry,L,75,215,0.253,255,"(74, 75]","(210, 215]","[0.24, 0.26)"
396,Ken Reitz,R,72,180,0.26,68,"(71, 72]","(175, 180]","[0.26, 0.28)"
397,Amos Otis,R,71,165,0.27699999999999997,193,"(70, 71]","(160, 165]","[0.26, 0.28)"
398,Gene Alley,R,70,160,0.254,55,"(69, 70]","(155, 160]","[0.24, 0.26)"
399,Ted Sizemore,R,70,165,0.262,23,"(69, 70]","(160, 165]","[0.26, 0.28)"
400,Dan Briggs,L,72,180,0.195,12,"(71, 72]","(175, 180]","[0.18, 0.2)"
401,Joe Skalski,R,75,190,0.0,0,"(74, 75]","(185, 190]","[0.0, 0.02)"
402,Doug Flynn,R,71,165,0.23800000000000002,7,"(70, 71]","(160, 165]","[0.22, 0.24)"
403,Bert Bradley,B,73,190,0.0,0,"(72, 73]","(185, 190]","[0.0, 0.02)"
404,Ken Holtzman,R,74,175,0.163,2,"(73, 74]","(170, 175]","[0.16, 0.18)"
405,Pete Ward,L,73,185,0.254,98,"(72, 73]","(180, 185]","[0.24, 0.26)"
406,Kevin Bell,R,72,195,0.222,13,"(71, 72]","(190, 195]","[0.22, 0.24)"
407,Tom Nieto,R,73,193,0.205,5,"(72, 73]","(190, 195]","[0.2, 0.22)"
408,Duke Sims,L,74,197,0.239,100,"(73, 74]","(195, 200]","[0.22, 0.24)"
409,Larvell Blanks,R,68,167,0.253,20,"(67, 68]","(165, 170]","[0.24, 0.26)"
410,Francisco Barrios,R,71,155,0.0,0,"(70, 71]","(150, 155]","[0.0, 0.02)"
411,Mike Davis,L,74,175,0.259,91,"(73, 74]","(170, 175]","[0.24, 0.26)"
412,Jerry Reuss,L,77,200,0.16699999999999998,1,"(76, 77]","(195, 200]","[0.16, 0.18)"
413,Steve Yeager,R,72,190,0.228,102,"(71, 72]","(185, 190]","[0.22, 0.24)"
414,Danny Goodwin,L,73,195,0.23600000000000002,13,"(72, 73]","(190, 195]","[0.22, 0.24)"
415,Bud Harrelson,B,71,160,0.23600000000000002,7,"(70, 71]","(155, 160]","[0.22, 0.24)"
416,Bob Knepper,L,75,195,0.13699999999999998,6,"(74, 75]","(190, 195]","[0.12, 0.14)"
417,Mickey Rivers,L,70,165,0.295,61,"(69, 70]","(160, 165]","[0.28, 0.3)"
418,Jim Northrup,L,75,190,0.267,153,"(74, 75]","(185, 190]","[0.26, 0.28)"
419,John Hale,L,74,195,0.201,14,"(73, 74]","(190, 195]","[0.2, 0.22)"
420,Reggie Ritter,L,74,195,0.0,0,"(73, 74]","(190, 195]","[0.0, 0.02)"
421,Pedro Garcia,R,70,175,0.22,37,"(69, 70]","(170, 175]","[0.22, 0.24)"
422,Carl Yastrzemski,L,71,175,0.285,452,"(70, 71]","(170, 175]","[0.28, 0.3)"
423,Bob Babcock,R,77,210,0.0,0,"(76, 77]","(205, 210]","[0.0, 0.02)"
424,Craig Eaton,R,71,175,0.0,0,"(70, 71]","(170, 175]","[0.0, 0.02)"
425,Derrel Thomas,B,72,160,0.249,43,"(71, 72]","(155, 160]","[0.24, 0.26)"
426,Art Howe,R,74,190,0.26,43,"(73, 74]","(185, 190]","[0.26, 0.28)"
427,Ike Brown,R,72,190,0.256,20,"(71, 72]","(185, 190]","[0.24, 0.26)"
428,Howie Goss,R,76,204,0.21600000000000003,11,"(75, 76]","(200, 205]","[0.2, 0.22)"
429,Glenn Borgmann,R,76,210,0.22899999999999998,16,"(75, 76]","(205, 210]","[0.22, 0.24)"
430,Lamar Johnson,R,74,215,0.287,64,"(73, 74]","(210, 215]","[0.28, 0.3)"
431,Julio Gonzalez,R,71,162,0.235,4,"(70, 71]","(160, 165]","[0.22, 0.24)"
432,Bobby Klaus,R,70,170,0.20800000000000002,6,"(69, 70]","(165, 170]","[0.2, 0.22)"
433,Manny Sanguillen,R,72,193,0.29600000000000004,65,"(71, 72]","(190, 195]","[0.28, 0.3)"
434,Gates Brown,L,71,220,0.257,84,"(70, 71]","(215, 220]","[0.24, 0.26)"
435,Johnny Ray,B,71,170,0.29,53,"(70, 71]","(165, 170]","[0.28, 0.3)"
436,Jesus Alou,R,74,190,0.28,32,"(73, 74]","(185, 190]","[0.28, 0.3)"
437,Ken Landreaux,L,70,165,0.268,91,"(69, 70]","(160, 165]","[0.26, 0.28)"
438,Enos Cabell,R,76,170,0.27699999999999997,60,"(75, 76]","(165, 170]","[0.26, 0.28)"
439,Roy Branch,R,72,175,0.0,0,"(71, 72]","(170, 175]","[0.0, 0.02)"
440,Billy North,B,71,185,0.261,20,"(70, 71]","(180, 185]","[0.26, 0.28)"
441,Juan Beniquez,R,71,150,0.27399999999999997,79,"(70, 71]","(145, 150]","[0.26, 0.28)"
442,Frank Fernandez,R,72,185,0.19899999999999998,39,"(71, 72]","(180, 185]","[0.18, 0.2)"
443,Bombo Rivera,R,70,187,0.265,10,"(69, 70]","(185, 190]","[0.26, 0.28)"
444,Steve Brye,R,72,190,0.258,30,"(71, 72]","(185, 190]","[0.24, 0.26)"
445,Ron Jackson,R,72,200,0.259,56,"(71, 72]","(195, 200]","[0.24, 0.26)"
446,Roger Metzger,B,72,165,0.231,5,"(71, 72]","(160, 165]","[0.22, 0.24)"
447,Rufino Linares,R,72,170,0.27,11,"(71, 72]","(165, 170]","[0.26, 0.28)"
448,Ray Webster,L,72,185,0.244,17,"(71, 72]","(180, 185]","[0.24, 0.26)"
449,Bob Kearney,R,72,190,0.233,27,"(71, 72]","(185, 190]","[0.22, 0.24)"
450,Fergie Jenkins,R,77,205,0.165,13,"(76, 77]","(200, 205]","[0.16, 0.18)"
451,Dick Dietz,R,73,195,0.261,66,"(72, 73]","(190, 195]","[0.26, 0.28)"
452,Ted Cox,R,75,195,0.245,10,"(74, 75]","(190, 195]","[0.24, 0.26)"
453,Bobby Mitchell,L,70,170,0.243,3,"(69, 70]","(165, 170]","[0.24, 0.26)"
454,Bobby Mitchell,R,75,185,0.235,21,"(74, 75]","(180, 185]","[0.22, 0.24)"
455,Barry Evans,R,73,180,0.251,2,"(72, 73]","(175, 180]","[0.24, 0.26)"
456,Mickey Brantley,R,70,180,0.259,32,"(69, 70]","(175, 180]","[0.24, 0.26)"
457,Al Gallagher,R,72,180,0.263,11,"(71, 72]","(175, 180]","[0.26, 0.28)"
458,Rob Woodward,R,75,185,0.0,0,"(74, 75]","(180, 185]","[0.0, 0.02)"
459,Hector Cruz,R,71,170,0.225,39,"(70, 71]","(165, 170]","[0.22, 0.24)"
460,Fred Norman,B,68,155,0.125,0,"(67, 68]","(150, 155]","[0.12, 0.14)"
461,Woody Woodward,R,74,180,0.23600000000000002,1,"(73, 74]","(175, 180]","[0.22, 0.24)"
462,Ted Martinez,R,72,165,0.24,7,"(71, 72]","(160, 165]","[0.24, 0.26)"
463,Jim Anderson,R,72,170,0.218,13,"(71, 72]","(165, 170]","[0.2, 0.22)"
464,Lenn Sakata,R,69,160,0.23,25,"(68, 69]","(155, 160]","[0.22, 0.24)"
465,Dave Duncan,R,74,190,0.214,109,"(73, 74]","(185, 190]","[0.2, 0.22)"
466,Randy Jones,R,72,178,0.132,0,"(71, 72]","(175, 180]","[0.12, 0.14)"
467,Dick Billings,R,73,195,0.22699999999999998,16,"(72, 73]","(190, 195]","[0.22, 0.24)"
468,Bob Veselic,R,72,175,0.0,0,"(71, 72]","(170, 175]","[0.0, 0.02)"
469,Bruce Bochte,L,75,195,0.282,100,"(74, 75]","(190, 195]","[0.28, 0.3)"
470,Bernie Carbo,L,71,173,0.264,96,"(70, 71]","(170, 175]","[0.26, 0.28)"
471,Vic Davalillo,L,67,150,0.27899999999999997,36,"(66, 67]","(145, 150]","[0.26, 0.28)"
472,Burt Hooton,R,73,210,0.12300000000000001,4,"(72, 73]","(205, 210]","[0.12, 0.14)"
473,Chuck Hockenbery,B,73,195,0.0,0,"(72, 73]","(190, 195]","[0.0, 0.02)"
474,Bob Ferris,R,78,225,0.0,0,"(77, 78]","(220, 225]","[0.0, 0.02)"
475,Fernando Gonzalez,R,70,165,0.235,17,"(69, 70]","(160, 165]","[0.22, 0.24)"
476,Jim Sundberg,R,72,190,0.248,95,"(71, 72]","(185, 190]","[0.24, 0.26)"
477,Andy Kosco,R,75,205,0.23600000000000002,73,"(74, 75]","(200, 205]","[0.22, 0.24)"
478,Steve Huntz,B,73,204,0.20600000000000002,16,"(72, 73]","(200, 205]","[0.2, 0.22)"
479,Gary Wheelock,R,75,205,0.0,0,"(74, 75]","(200, 205]","[0.0, 0.02)"
480,Lenny Faedo,R,72,170,0.251,5,"(71, 72]","(165, 170]","[0.24, 0.26)"
481,John Lowenstein,L,72,175,0.253,116,"(71, 72]","(170, 175]","[0.24, 0.26)"
482,Don Kessinger,B,73,170,0.252,14,"(72, 73]","(165, 170]","[0.24, 0.26)"
483,Joe Hague,L,72,195,0.239,40,"(71, 72]","(190, 195]","[0.22, 0.24)"
484,Bake McBride,L,74,190,0.299,63,"(73, 74]","(185, 190]","[0.28, 0.3)"
485,Dick Davis,R,75,190,0.265,27,"(74, 75]","(185, 190]","[0.26, 0.28)"
486,Richie Scheinblum,B,73,180,0.263,13,"(72, 73]","(175, 180]","[0.26, 0.28)"
487,Ed Herrmann,L,73,195,0.24,80,"(72, 73]","(190, 195]","[0.24, 0.26)"
488,Mike Rochford,L,76,205,0.0,0,"(75, 76]","(200, 205]","[0.0, 0.02)"
489,Jeff Schneider,B,75,195,0.0,0,"(74, 75]","(190, 195]","[0.0, 0.02)"
490,Bob Molinaro,L,72,190,0.264,14,"(71, 72]","(185, 190]","[0.26, 0.28)"
491,Mike Hegan,L,73,188,0.242,53,"(72, 73]","(185, 190]","[0.24, 0.26)"
492,Mike Diaz,R,74,195,0.247,31,"(73, 74]","(190, 195]","[0.24, 0.26)"
493,Tim Foli,R,72,179,0.251,25,"(71, 72]","(175, 180]","[0.24, 0.26)"
494,Alan Knicely,R,72,190,0.213,12,"(71, 72]","(185, 190]","[0.2, 0.22)"
495,Tim Laudner,R,75,212,0.225,77,"(74, 75]","(210, 215]","[0.22, 0.24)"
496,Jose Morales,R,71,187,0.287,26,"(70, 71]","(185, 190]","[0.28, 0.3)"
497,Luis Encarnacion,R,70,178,0.0,0,"(69, 70]","(175, 180]","[0.0, 0.02)"
498,Rick Kreuger,R,74,185,0.0,0,"(73, 74]","(180, 185]","[0.0, 0.02)"
499,Juan Marichal,R,72,185,0.165,4,"(71, 72]","(180, 185]","[0.16, 0.18)"
500,Vida Blue,B,72,189,0.10400000000000001,4,"(71, 72]","(185, 190]","[0.1, 0.12)"
501,Angel Moreno,L,69,165,0.0,0,"(68, 69]","(160, 165]","[0.0, 0.02)"
502,Roger Weaver,R,75,190,0.0,0,"(74, 75]","(185, 190]","[0.0, 0.02)"
503,Stan Papi,R,72,170,0.218,7,"(71, 72]","(165, 170]","[0.2, 0.22)"
504,Rob Wilfong,L,73,180,0.248,39,"(72, 73]","(175, 180]","[0.24, 0.26)"
505,Chris Knapp,R,77,195,0.0,0,"(76, 77]","(190, 195]","[0.0, 0.02)"
506,Steve Henderson,R,74,190,0.28,68,"(73, 74]","(185, 190]","[0.28, 0.3)"
507,Rob Picciolo,R,74,185,0.23399999999999999,17,"(73, 74]","(180, 185]","[0.22, 0.24)"
508,Don Welchel,R,76,205,0.0,0,"(75, 76]","(200, 205]","[0.0, 0.02)"
509,Randy Wiles,L,73,185,0.0,0,"(72, 73]","(180, 185]","[0.0, 0.02)"
510,Roberto Pena,R,68,170,0.245,13,"(67, 68]","(165, 170]","[0.24, 0.26)"
511,Bob Dernier,R,72,160,0.255,23,"(71, 72]","(155, 160]","[0.24, 0.26)"
512,Bill Melton,R,74,200,0.253,160,"(73, 74]","(195, 200]","[0.24, 0.26)"
513,Albert Hall,B,71,155,0.251,5,"(70, 71]","(150, 155]","[0.24, 0.26)"
514,Barbaro Garbey,R,70,170,0.267,11,"(69, 70]","(165, 170]","[0.26, 0.28)"
515,John Milner,L,72,185,0.249,131,"(71, 72]","(180, 185]","[0.24, 0.26)"
516,Rich Reese,L,75,185,0.253,52,"(74, 75]","(180, 185]","[0.24, 0.26)"
517,Chris Bando,B,72,195,0.22699999999999998,27,"(71, 72]","(190, 195]","[0.22, 0.24)"
518,Bill Buckner,L,72,185,0.289,174,"(71, 72]","(180, 185]","[0.28, 0.3)"
519,Jack Hiatt,R,74,190,0.251,22,"(73, 74]","(185, 190]","[0.24, 0.26)"
520,Nelson Mathews,R,76,195,0.223,22,"(75, 76]","(190, 195]","[0.22, 0.24)"
521,Larry Lintz,B,69,150,0.22699999999999998,0,"(68, 69]","(145, 150]","[0.22, 0.24)"
522,Ron Theobald,R,68,165,0.248,2,"(67, 68]","(160, 165]","[0.24, 0.26)"
523,Dewey Robinson,R,72,180,0.0,0,"(71, 72]","(175, 180]","[0.0, 0.02)"
524,Rafael Santana,R,73,165,0.24600000000000002,13,"(72, 73]","(160, 165]","[0.24, 0.26)"
525,Jerry Hairston,B,70,170,0.258,30,"(69, 70]","(165, 170]","[0.24, 0.26)"
526,Tony Arnold,R,71,170,0.0,0,"(70, 71]","(165, 170]","[0.0, 0.02)"
527,Jeff Schattinger,L,77,200,0.0,0,"(76, 77]","(195, 200]","[0.0, 0.02)"
528,Ike Brookens,R,77,170,0.0,0,"(76, 77]","(165, 170]","[0.0, 0.02)"
529,Tommie Aaron,R,75,190,0.22899999999999998,13,"(74, 75]","(185, 190]","[0.22, 0.24)"
530,Steve Dillard,R,73,180,0.243,13,"(72, 73]","(175, 180]","[0.24, 0.26)"
531,Win Remmerswaal,R,74,160,0.0,0,"(73, 74]","(155, 160]","[0.0, 0.02)"
532,Jeff Peterek,R,74,195,0.0,0,"(73, 74]","(190, 195]","[0.0, 0.02)"
533,George Scott,R,74,200,0.268,271,"(73, 74]","(195, 200]","[0.26, 0.28)"
534,Jeff Shaver,R,75,195,0.0,0,"(74, 75]","(190, 195]","[0.0, 0.02)"
535,Ken Walters,R,73,180,0.231,11,"(72, 73]","(175, 180]","[0.22, 0.24)"
536,Gorman Thomas,R,74,210,0.225,268,"(73, 74]","(205, 210]","[0.22, 0.24)"
537,Paul Dade,R,73,185,0.27,10,"(72, 73]","(180, 185]","[0.26, 0.28)"
538,Darrell Porter,L,72,193,0.247,188,"(71, 72]","(190, 195]","[0.24, 0.26)"
539,Tim Johnson,L,73,170,0.223,0,"(72, 73]","(165, 170]","[0.22, 0.24)"
540,Fred Stanley,R,70,165,0.21600000000000003,10,"(69, 70]","(160, 165]","[0.2, 0.22)"
541,Larry Bowa,B,70,155,0.26,15,"(69, 70]","(150, 155]","[0.26, 0.28)"
542,Tim Corcoran,L,71,175,0.27,12,"(70, 71]","(170, 175]","[0.26, 0.28)"
543,Jim Spencer,L,74,195,0.25,146,"(73, 74]","(190, 195]","[0.24, 0.26)"
544,Pete LaCock,L,74,200,0.257,27,"(73, 74]","(195, 200]","[0.24, 0.26)"
545,Carl Morton,R,72,200,0.156,7,"(71, 72]","(195, 200]","[0.14, 0.16)"
546,Gary Gray,R,72,187,0.24,24,"(71, 72]","(185, 190]","[0.24, 0.26)"
547,Matty Alou,L,69,160,0.307,31,"(68, 69]","(155, 160]","[0.3, 0.32)"
548,Pete Filson,B,74,195,0.0,0,"(73, 74]","(190, 195]","[0.0, 0.02)"
549,Jim Dwyer,L,70,165,0.26,77,"(69, 70]","(160, 165]","[0.26, 0.28)"
550,Dalton Jones,L,73,180,0.235,41,"(72, 73]","(175, 180]","[0.22, 0.24)"
551,Rennie Stennett,R,71,160,0.27399999999999997,41,"(70, 71]","(155, 160]","[0.26, 0.28)"
552,Jim Gideon,R,75,190,0.0,0,"(74, 75]","(185, 190]","[0.0, 0.02)"
553,Jerry May,R,74,190,0.23399999999999999,15,"(73, 74]","(185, 190]","[0.22, 0.24)"
554,Rich McKinney,R,71,185,0.225,20,"(70, 71]","(180, 185]","[0.22, 0.24)"
555,Clint Hurdle,L,75,195,0.259,32,"(74, 75]","(190, 195]","[0.24, 0.26)"
556,Mike Andrews,R,75,195,0.258,66,"(74, 75]","(190, 195]","[0.24, 0.26)"
557,Bobby Clark,R,72,190,0.239,19,"(71, 72]","(185, 190]","[0.22, 0.24)"
558,Jeff Twitty,L,74,185,0.0,0,"(73, 74]","(180, 185]","[0.0, 0.02)"
559,Cliff Johnson,R,76,215,0.258,196,"(75, 76]","(210, 215]","[0.24, 0.26)"
560,Steve Cummings,B,74,200,0.0,0,"(73, 74]","(195, 200]","[0.0, 0.02)"
561,Donn Clendenon,R,76,209,0.27399999999999997,159,"(75, 76]","(205, 210]","[0.26, 0.28)"
562,Charlie James,R,73,195,0.255,29,"(72, 73]","(190, 195]","[0.24, 0.26)"
563,Bob Horner,R,73,195,0.27699999999999997,218,"(72, 73]","(190, 195]","[0.26, 0.28)"
564,Tom Veryzer,R,73,175,0.24100000000000002,14,"(72, 73]","(170, 175]","[0.24, 0.26)"
565,Jose Cecena,R,71,180,0.0,0,"(70, 71]","(175, 180]","[0.0, 0.02)"
566,George Smith,R,70,170,0.205,9,"(69, 70]","(165, 170]","[0.2, 0.22)"
567,Jim Essian,R,74,195,0.244,33,"(73, 74]","(190, 195]","[0.24, 0.26)"
568,Onix Concepcion,R,66,160,0.239,3,"(65, 66]","(155, 160]","[0.22, 0.24)"
569,Boots Day,L,69,160,0.256,8,"(68, 69]","(155, 160]","[0.24, 0.26)"
570,Brian Giles,R,73,165,0.228,10,"(72, 73]","(160, 165]","[0.22, 0.24)"
571,Garry Maddox,R,75,175,0.285,117,"(74, 75]","(170, 175]","[0.28, 0.3)"
572,Alex Trevino,R,70,165,0.249,23,"(69, 70]","(160, 165]","[0.24, 0.26)"
573,Jim Price,R,72,192,0.214,18,"(71, 72]","(190, 195]","[0.2, 0.22)"
574,Felix Millan,R,71,172,0.27899999999999997,22,"(70, 71]","(170, 175]","[0.26, 0.28)"
575,Steve Garvey,R,70,192,0.294,272,"(69, 70]","(190, 195]","[0.28, 0.3)"
576,Don Mincher,L,75,205,0.249,200,"(74, 75]","(200, 205]","[0.24, 0.26)"
577,Greg Erardi,R,73,190,0.0,0,"(72, 73]","(185, 190]","[0.0, 0.02)"
578,Jim Farr,R,73,195,0.0,0,"(72, 73]","(190, 195]","[0.0, 0.02)"
579,Tony Cloninger,R,72,210,0.192,11,"(71, 72]","(205, 210]","[0.18, 0.2)"
580,Jim Gosger,L,71,185,0.226,30,"(70, 71]","(180, 185]","[0.22, 0.24)"
581,Chuck Harrison,R,70,185,0.23800000000000002,17,"(69, 70]","(180, 185]","[0.22, 0.24)"
582,Mike Ivie,R,75,205,0.26899999999999996,81,"(74, 75]","(200, 205]","[0.26, 0.28)"
583,Frank Dimichele,R,75,205,0.0,0,"(74, 75]","(200, 205]","[0.0, 0.02)"
584,Bob Veale,B,78,212,0.114,0,"(77, 78]","(210, 215]","[0.1, 0.12)"
585,Marvell Wynne,L,71,175,0.247,40,"(70, 71]","(170, 175]","[0.24, 0.26)"
586,Dusty Baker,R,74,183,0.278,242,"(73, 74]","(180, 185]","[0.26, 0.28)"
587,Tucker Ashford,R,73,195,0.218,6,"(72, 73]","(190, 195]","[0.2, 0.22)"
588,Ned Yost,R,73,190,0.212,16,"(72, 73]","(185, 190]","[0.2, 0.22)"
589,Bob Stinson,B,71,180,0.25,33,"(70, 71]","(175, 180]","[0.24, 0.26)"
590,Mike Warren,R,73,175,0.0,0,"(72, 73]","(170, 175]","[0.0, 0.02)"
591,Gaylord Perry,R,76,205,0.131,6,"(75, 76]","(200, 205]","[0.12, 0.14)"
592,Dave Marshall,L,73,182,0.24600000000000002,16,"(72, 73]","(180, 185]","[0.24, 0.26)"
593,Mickey Hatcher,R,74,200,0.28,38,"(73, 74]","(195, 200]","[0.28, 0.3)"
594,Roger Repoz,L,75,190,0.22399999999999998,82,"(74, 75]","(185, 190]","[0.22, 0.24)"
595,Bill Fulton,R,75,195,0.0,0,"(74, 75]","(190, 195]","[0.0, 0.02)"
596,John Orsino,R,75,215,0.249,40,"(74, 75]","(210, 215]","[0.24, 0.26)"
597,Larry Anderson,R,75,190,0.0,0,"(74, 75]","(185, 190]","[0.0, 0.02)"
598,Johnny Briggs,L,73,190,0.253,139,"(72, 73]","(185, 190]","[0.24, 0.26)"
599,Craig Mitchell,R,75,180,0.0,0,"(74, 75]","(175, 180]","[0.0, 0.02)"
600,Dave Hostetler,R,76,215,0.22899999999999998,37,"(75, 76]","(210, 215]","[0.22, 0.24)"
601,Bob Jones,L,74,195,0.221,20,"(73, 74]","(190, 195]","[0.22, 0.24)"
602,Keith Hernandez,L,72,180,0.29600000000000004,162,"(71, 72]","(175, 180]","[0.28, 0.3)"
603,Alfredo Martinez,R,75,185,0.0,0,"(74, 75]","(180, 185]","[0.0, 0.02)"
604,Dean Chance,R,75,200,0.066,0,"(74, 75]","(195, 200]","[0.06, 0.08)"
605,Willie Upshaw,L,72,185,0.262,123,"(71, 72]","(180, 185]","[0.26, 0.28)"
606,Dick Green,R,70,180,0.24,80,"(69, 70]","(175, 180]","[0.24, 0.26)"
607,Dane Iorg,L,72,180,0.276,14,"(71, 72]","(175, 180]","[0.26, 0.28)"
608,Richie Hebner,L,73,195,0.276,203,"(72, 73]","(190, 195]","[0.26, 0.28)"
609,Fran Healy,R,77,220,0.25,20,"(76, 77]","(215, 220]","[0.24, 0.26)"
610,Doc Edwards,R,74,215,0.23800000000000002,15,"(73, 74]","(210, 215]","[0.22, 0.24)"
611,Sandy Alomar,B,69,140,0.245,13,"(68, 69]","(135, 140]","[0.24, 0.26)"
612,Joe Strain,R,70,169,0.25,1,"(69, 70]","(165, 170]","[0.24, 0.26)"
613,Gene Richards,L,72,175,0.29,26,"(71, 72]","(170, 175]","[0.28, 0.3)"
614,Buddy Bell,R,73,180,0.27899999999999997,201,"(72, 73]","(175, 180]","[0.26, 0.28)"
615,Al Woods,L,75,190,0.271,35,"(74, 75]","(185, 190]","[0.26, 0.28)"
616,Rudy Law,L,73,165,0.271,18,"(72, 73]","(160, 165]","[0.26, 0.28)"
617,Joel Davis,L,77,205,0.0,0,"(76, 77]","(200, 205]","[0.0, 0.02)"
618,Jody Davis,R,76,192,0.245,127,"(75, 76]","(190, 195]","[0.24, 0.26)"
619,Mike Edwards,R,70,154,0.25,2,"(69, 70]","(150, 155]","[0.24, 0.26)"
620,Bill Mooneyham,R,72,175,0.0,0,"(71, 72]","(170, 175]","[0.0, 0.02)"
621,John Hobbs,R,75,190,0.0,0,"(74, 75]","(185, 190]","[0.0, 0.02)"
622,Deron Johnson,R,74,200,0.244,245,"(73, 74]","(195, 200]","[0.24, 0.26)"
623,John Denny,R,75,185,0.17,0,"(74, 75]","(180, 185]","[0.16, 0.18)"
624,Don Wert,R,70,162,0.242,77,"(69, 70]","(160, 165]","[0.24, 0.26)"
625,Mike Fiore,L,72,175,0.22699999999999998,13,"(71, 72]","(170, 175]","[0.22, 0.24)"
626,Miguel Dilone,B,72,160,0.265,6,"(71, 72]","(155, 160]","[0.26, 0.28)"
627,Greg Luzinski,R,73,220,0.276,307,"(72, 73]","(215, 220]","[0.26, 0.28)"
628,Bobby Tolan,L,71,170,0.265,86,"(70, 71]","(165, 170]","[0.26, 0.28)"
629,Karl Best,R,76,190,0.0,0,"(75, 76]","(185, 190]","[0.0, 0.02)"
630,Steve Barr,L,76,200,0.0,0,"(75, 76]","(195, 200]","[0.0, 0.02)"
631,Ron Woods,R,70,168,0.233,26,"(69, 70]","(165, 170]","[0.22, 0.24)"
632,Tony Horton,R,75,210,0.268,76,"(74, 75]","(205, 210]","[0.26, 0.28)"
633,Randy Hundley,R,71,170,0.23600000000000002,82,"(70, 71]","(165, 170]","[0.22, 0.24)"
634,Jose Tartabull,L,71,165,0.261,2,"(70, 71]","(160, 165]","[0.26, 0.28)"
635,Ben Oglivie,L,74,160,0.273,235,"(73, 74]","(155, 160]","[0.26, 0.28)"
636,Luis Sanchez,R,74,170,0.0,0,"(73, 74]","(165, 170]","[0.0, 0.02)"
637,Bob Johnson,R,70,175,0.272,44,"(69, 70]","(170, 175]","[0.26, 0.28)"
638,Don Buford,B,67,160,0.264,93,"(66, 67]","(155, 160]","[0.26, 0.28)"
639,Duane Kuiper,L,72,175,0.271,1,"(71, 72]","(170, 175]","[0.26, 0.28)"
640,Brant Alyea,R,75,215,0.247,38,"(74, 75]","(210, 215]","[0.24, 0.26)"
641,Jerry Narron,L,75,205,0.21100000000000002,21,"(74, 75]","(200, 205]","[0.2, 0.22)"
642,Lou Johnson,R,71,170,0.258,48,"(70, 71]","(165, 170]","[0.24, 0.26)"
643,Ken Retzer,L,72,185,0.264,14,"(71, 72]","(180, 185]","[0.26, 0.28)"
644,Mike Brown,R,74,195,0.265,23,"(73, 74]","(190, 195]","[0.26, 0.28)"
645,Mike Brown,R,74,195,0.0,0,"(73, 74]","(190, 195]","[0.0, 0.02)"
646,Greg Walker,L,75,205,0.26,113,"(74, 75]","(200, 205]","[0.26, 0.28)"
647,Terry Harper,R,76,195,0.253,36,"(75, 76]","(190, 195]","[0.24, 0.26)"
648,Jerry Royster,R,72,165,0.249,40,"(71, 72]","(160, 165]","[0.24, 0.26)"
649,Steve Davis,L,73,195,0.0,0,"(72, 73]","(190, 195]","[0.0, 0.02)"
650,Jeff Rineer,L,76,205,0.0,0,"(75, 76]","(200, 205]","[0.0, 0.02)"
651,Barry Bonnell,R,75,190,0.272,56,"(74, 75]","(185, 190]","[0.26, 0.28)"
652,Tom Seaver,R,73,195,0.154,12,"(72, 73]","(190, 195]","[0.14, 0.16)"
653,Jerry Martin,R,73,195,0.251,85,"(72, 73]","(190, 195]","[0.24, 0.26)"
654,Bill Stein,R,70,170,0.267,44,"(69, 70]","(165, 170]","[0.26, 0.28)"
655,Joel Youngblood,R,72,180,0.265,80,"(71, 72]","(175, 180]","[0.26, 0.28)"
656,Reggie Jackson,L,72,195,0.262,563,"(71, 72]","(190, 195]","[0.26, 0.28)"
657,Sonny Jackson,L,69,150,0.251,7,"(68, 69]","(145, 150]","[0.24, 0.26)"
658,Mark Mercer,L,77,220,0.0,0,"(76, 77]","(215, 220]","[0.0, 0.02)"
659,Rodney Scott,B,72,160,0.23600000000000002,3,"(71, 72]","(155, 160]","[0.22, 0.24)"
660,Rich Coggins,L,68,170,0.265,12,"(67, 68]","(165, 170]","[0.26, 0.28)"
661,Phil Gagliano,R,73,180,0.23800000000000002,14,"(72, 73]","(175, 180]","[0.22, 0.24)"
662,Jerry McNertney,R,72,180,0.237,27,"(71, 72]","(175, 180]","[0.22, 0.24)"
663,Mitchell Page,L,74,205,0.266,72,"(73, 74]","(200, 205]","[0.26, 0.28)"
664,Kiko Garcia,R,71,180,0.239,12,"(70, 71]","(175, 180]","[0.22, 0.24)"
665,Larry Milbourne,B,72,161,0.254,11,"(71, 72]","(160, 165]","[0.24, 0.26)"
666,Bill Sudakis,B,73,190,0.23399999999999999,59,"(72, 73]","(185, 190]","[0.22, 0.24)"
667,John Caneira,R,75,180,0.0,0,"(74, 75]","(175, 180]","[0.0, 0.02)"
668,Domingo Ramos,R,70,154,0.24,8,"(69, 70]","(150, 155]","[0.24, 0.26)"
669,Ron Oester,B,74,185,0.265,42,"(73, 74]","(180, 185]","[0.26, 0.28)"
670,Glenn Adams,L,73,180,0.28,34,"(72, 73]","(175, 180]","[0.28, 0.3)"
671,Clint Zavaras,R,73,175,0.0,0,"(72, 73]","(170, 175]","[0.0, 0.02)"
672,Joe Morgan,L,67,160,0.271,268,"(66, 67]","(155, 160]","[0.26, 0.28)"
673,R.J. Reynolds,B,72,190,0.267,35,"(71, 72]","(185, 190]","[0.26, 0.28)"
674,Mike Parrott,R,76,210,0.0,0,"(75, 76]","(205, 210]","[0.0, 0.02)"
675,Lee Thomas,L,74,195,0.255,106,"(73, 74]","(190, 195]","[0.24, 0.26)"
676,Ray Fosse,R,74,215,0.256,61,"(73, 74]","(210, 215]","[0.24, 0.26)"
677,Paul Popovich,B,72,175,0.233,14,"(71, 72]","(170, 175]","[0.22, 0.24)"
678,John Stephenson,L,71,180,0.21600000000000003,12,"(70, 71]","(175, 180]","[0.2, 0.22)"
679,Doug Clemens,L,72,180,0.22899999999999998,12,"(71, 72]","(175, 180]","[0.22, 0.24)"
680,Luis Aponte,R,72,185,0.0,0,"(71, 72]","(180, 185]","[0.0, 0.02)"
681,Orlando Mercado,R,72,180,0.19899999999999998,7,"(71, 72]","(175, 180]","[0.18, 0.2)"
682,Charley Smith,R,73,170,0.239,69,"(72, 73]","(165, 170]","[0.22, 0.24)"
683,Paul Boris,R,74,200,0.0,0,"(73, 74]","(195, 200]","[0.0, 0.02)"
684,Buddy Biancalana,B,71,160,0.205,6,"(70, 71]","(155, 160]","[0.2, 0.22)"
685,De Wayne Buice,R,72,170,0.0,0,"(71, 72]","(165, 170]","[0.0, 0.02)"
686,Bob Uecker,R,73,190,0.2,14,"(72, 73]","(185, 190]","[0.2, 0.22)"
687,Felix Torres,R,71,165,0.254,27,"(70, 71]","(160, 165]","[0.24, 0.26)"
688,Steve Braun,L,70,180,0.271,52,"(69, 70]","(175, 180]","[0.26, 0.28)"
689,Ray Knight,R,73,185,0.271,84,"(72, 73]","(180, 185]","[0.26, 0.28)"
690,Ty Cline,L,72,170,0.23800000000000002,6,"(71, 72]","(165, 170]","[0.22, 0.24)"
691,Thad Bosley,L,75,175,0.272,20,"(74, 75]","(170, 175]","[0.26, 0.28)"
692,Bobby Grich,R,74,180,0.266,224,"(73, 74]","(175, 180]","[0.26, 0.28)"
693,Jimmie Hall,L,72,175,0.254,121,"(71, 72]","(170, 175]","[0.24, 0.26)"
694,John Boccabella,R,73,195,0.21899999999999997,26,"(72, 73]","(190, 195]","[0.2, 0.22)"
695,Brock Davis,L,70,160,0.26,1,"(69, 70]","(155, 160]","[0.26, 0.28)"
696,Mark Esser,R,73,190,0.0,0,"(72, 73]","(185, 190]","[0.0, 0.02)"
697,Curt Blefary,L,74,195,0.237,112,"(73, 74]","(190, 195]","[0.22, 0.24)"
698,Daryl Smith,R,76,185,0.0,0,"(75, 76]","(180, 185]","[0.0, 0.02)"
699,Dave Smith,R,73,190,0.0,0,"(72, 73]","(185, 190]","[0.0, 0.02)"
700,Mack Jones,L,73,180,0.252,133,"(72, 73]","(175, 180]","[0.24, 0.26)"
701,Buddy Bradford,R,71,170,0.226,52,"(70, 71]","(165, 170]","[0.22, 0.24)"
702,Hosken Powell,L,73,175,0.259,17,"(72, 73]","(170, 175]","[0.24, 0.26)"
703,Dave Stapleton,L,73,185,0.0,0,"(72, 73]","(180, 185]","[0.0, 0.02)"
704,Dave Stapleton,R,73,178,0.271,41,"(72, 73]","(175, 180]","[0.26, 0.28)"
705,Gary Ward,R,74,195,0.276,130,"(73, 74]","(190, 195]","[0.26, 0.28)"
706,Jim Lonborg,R,77,200,0.136,3,"(76, 77]","(195, 200]","[0.12, 0.14)"
707,Joe Lis,R,72,175,0.233,32,"(71, 72]","(170, 175]","[0.22, 0.24)"
708,Dan Meyer,L,71,180,0.253,86,"(70, 71]","(175, 180]","[0.24, 0.26)"
709,Jim Holt,L,72,180,0.265,19,"(71, 72]","(175, 180]","[0.26, 0.28)"
710,Tom Klawitter,R,74,190,0.0,0,"(73, 74]","(185, 190]","[0.0, 0.02)"
711,Larry Herndon,R,75,190,0.27399999999999997,107,"(74, 75]","(185, 190]","[0.26, 0.28)"
712,Gary Christenson,L,77,200,0.0,0,"(76, 77]","(195, 200]","[0.0, 0.02)"
713,Jim Wright,R,77,205,0.0,0,"(76, 77]","(200, 205]","[0.0, 0.02)"
714,Jim Wright,R,73,165,0.0,0,"(72, 73]","(160, 165]","[0.0, 0.02)"
715,Wallace Johnson,B,72,173,0.255,5,"(71, 72]","(170, 175]","[0.24, 0.26)"
716,Mike Kinnunen,L,73,185,0.0,0,"(72, 73]","(180, 185]","[0.0, 0.02)"
717,Eddie Leon,R,72,170,0.23600000000000002,24,"(71, 72]","(165, 170]","[0.22, 0.24)"
718,Dave Rajsich,L,77,175,0.0,0,"(76, 77]","(170, 175]","[0.0, 0.02)"
719,Jim Wohlford,R,71,175,0.26,21,"(70, 71]","(170, 175]","[0.26, 0.28)"
720,J.R. Richard,R,80,222,0.168,10,"(79, 80]","(220, 225]","[0.16, 0.18)"
721,Bill Voss,L,74,160,0.22699999999999998,19,"(73, 74]","(155, 160]","[0.22, 0.24)"
722,Keith Moreland,R,72,190,0.27899999999999997,121,"(71, 72]","(185, 190]","[0.26, 0.28)"
723,Ramon Pena,R,70,155,0.0,0,"(69, 70]","(150, 155]","[0.0, 0.02)"
724,Alex Johnson,R,72,205,0.28800000000000003,78,"(71, 72]","(200, 205]","[0.28, 0.3)"
725,Wayne Krenchicki,L,73,180,0.266,15,"(72, 73]","(175, 180]","[0.26, 0.28)"
726,Chico Escarrega,R,71,185,0.0,0,"(70, 71]","(180, 185]","[0.0, 0.02)"
727,Dave Rosello,R,71,160,0.23600000000000002,10,"(70, 71]","(155, 160]","[0.22, 0.24)"
728,Cardell Camper,R,75,208,0.0,0,"(74, 75]","(205, 210]","[0.0, 0.02)"
729,Paul Schaal,R,71,165,0.244,57,"(70, 71]","(160, 165]","[0.24, 0.26)"
730,Tito Landrum,R,71,175,0.249,13,"(70, 71]","(170, 175]","[0.24, 0.26)"
731,Dave Edwards,R,72,170,0.237,14,"(71, 72]","(165, 170]","[0.22, 0.24)"
732,Mario Guerrero,R,70,155,0.257,7,"(69, 70]","(150, 155]","[0.24, 0.26)"
733,Tom Tresh,B,73,180,0.245,153,"(72, 73]","(175, 180]","[0.24, 0.26)"
734,Mike Overy,R,74,190,0.0,0,"(73, 74]","(185, 190]","[0.0, 0.02)"
735,Ron Roenicke,B,72,180,0.23800000000000002,17,"(71, 72]","(175, 180]","[0.22, 0.24)"
736,Doug Griffin,R,72,160,0.245,7,"(71, 72]","(155, 160]","[0.24, 0.26)"
737,Steve Blass,R,72,165,0.172,1,"(71, 72]","(160, 165]","[0.16, 0.18)"
738,Johnnie LeMaster,R,74,165,0.222,22,"(73, 74]","(160, 165]","[0.22, 0.24)"
739,Craig Chamberlain,R,73,190,0.0,0,"(72, 73]","(185, 190]","[0.0, 0.02)"
740,Nate Oliver,R,70,160,0.226,2,"(69, 70]","(155, 160]","[0.22, 0.24)"
741,Ray Sadecki,L,71,180,0.191,5,"(70, 71]","(175, 180]","[0.18, 0.2)"
742,Ken Rudolph,R,73,180,0.213,6,"(72, 73]","(175, 180]","[0.2, 0.22)"
743,Wayne Nordhagen,R,74,205,0.282,39,"(73, 74]","(200, 205]","[0.28, 0.3)"
744,Biff Pocoroba,B,70,175,0.257,21,"(69, 70]","(170, 175]","[0.24, 0.26)"
745,Len Matuszek,L,74,190,0.23399999999999999,30,"(73, 74]","(185, 190]","[0.22, 0.24)"
746,Frank Eufemia,R,71,185,0.0,0,"(70, 71]","(180, 185]","[0.0, 0.02)"
747,Joe Lefebvre,L,70,170,0.258,31,"(69, 70]","(165, 170]","[0.24, 0.26)"
748,Jim Maloney,L,74,190,0.201,7,"(73, 74]","(185, 190]","[0.2, 0.22)"
749,Andre Robertson,R,70,155,0.251,5,"(69, 70]","(150, 155]","[0.24, 0.26)"
750,Jerry Zimmerman,R,74,185,0.204,3,"(73, 74]","(180, 185]","[0.2, 0.22)"
751,Jack Lazorko,R,71,200,0.0,0,"(70, 71]","(195, 200]","[0.0, 0.02)"
752,Mike Paxton,R,71,190,0.0,0,"(70, 71]","(185, 190]","[0.0, 0.02)"
753,Chet Lemon,R,72,190,0.273,215,"(71, 72]","(185, 190]","[0.26, 0.28)"
754,Rickey Keeton,R,74,190,0.0,0,"(73, 74]","(185, 190]","[0.0, 0.02)"
755,Phil Mankowski,L,72,180,0.264,8,"(71, 72]","(175, 180]","[0.26, 0.28)"
756,Cleon Jones,R,72,185,0.281,93,"(71, 72]","(180, 185]","[0.28, 0.3)"
757,Joaquin Andujar,B,72,170,0.127,5,"(71, 72]","(165, 170]","[0.12, 0.14)"
758,Mike Lum,L,72,180,0.247,90,"(71, 72]","(175, 180]","[0.24, 0.26)"
759,Johnny Grubb,L,75,175,0.278,99,"(74, 75]","(170, 175]","[0.26, 0.28)"
760,Curt Motton,R,68,164,0.213,25,"(67, 68]","(160, 165]","[0.2, 0.22)"
761,Johnny Bench,R,73,197,0.267,389,"(72, 73]","(195, 200]","[0.26, 0.28)"
762,Dale Berra,R,72,180,0.23600000000000002,49,"(71, 72]","(175, 180]","[0.22, 0.24)"
763,Terry Felton,R,73,180,0.0,0,"(72, 73]","(175, 180]","[0.0, 0.02)"
764,Bob Meacham,B,73,175,0.23600000000000002,8,"(72, 73]","(170, 175]","[0.22, 0.24)"
765,Mark Clear,R,76,200,0.0,0,"(75, 76]","(195, 200]","[0.0, 0.02)"
766,Carl Warwick,R,70,170,0.248,31,"(69, 70]","(165, 170]","[0.24, 0.26)"
767,Sam Bowens,R,73,188,0.223,45,"(72, 73]","(185, 190]","[0.22, 0.24)"
768,George Wright,B,71,180,0.245,42,"(70, 71]","(175, 180]","[0.24, 0.26)"
769,Luis Aguayo,R,69,173,0.23600000000000002,37,"(68, 69]","(170, 175]","[0.22, 0.24)"
770,Hal Lanier,R,74,180,0.228,8,"(73, 74]","(175, 180]","[0.22, 0.24)"
771,Mike Pazik,L,74,195,0.0,0,"(73, 74]","(190, 195]","[0.0, 0.02)"
772,Len Randle,B,70,169,0.257,27,"(69, 70]","(165, 170]","[0.24, 0.26)"
773,Greg Pryor,R,72,180,0.25,14,"(71, 72]","(175, 180]","[0.24, 0.26)"
774,Jim Traber,L,72,194,0.22699999999999998,27,"(71, 72]","(190, 195]","[0.22, 0.24)"
775,Dave Nelson,R,70,160,0.244,20,"(69, 70]","(155, 160]","[0.24, 0.26)"
776,Lynn Jones,R,69,175,0.252,7,"(68, 69]","(170, 175]","[0.24, 0.26)"
777,Bryan Little,B,70,160,0.245,3,"(69, 70]","(155, 160]","[0.24, 0.26)"
778,Ken Suarez,R,69,175,0.22699999999999998,5,"(68, 69]","(170, 175]","[0.22, 0.24)"
779,Rick Peters,B,69,170,0.27699999999999997,2,"(68, 69]","(165, 170]","[0.26, 0.28)"
780,Ron Stone,L,74,185,0.24100000000000002,6,"(73, 74]","(180, 185]","[0.24, 0.26)"
781,Rich Barnes,R,76,186,0.0,0,"(75, 76]","(185, 190]","[0.0, 0.02)"
782,Tommie Agee,R,71,195,0.255,130,"(70, 71]","(190, 195]","[0.24, 0.26)"
783,Bob Bailey,R,73,180,0.257,189,"(72, 73]","(175, 180]","[0.24, 0.26)"
784,Cap Peterson,R,74,195,0.23,19,"(73, 74]","(190, 195]","[0.22, 0.24)"
785,Ted Uhlaender,L,74,190,0.263,36,"(73, 74]","(185, 190]","[0.26, 0.28)"
786,Ted Simmons,B,71,193,0.285,248,"(70, 71]","(190, 195]","[0.28, 0.3)"
787,Bobby Murcer,L,71,160,0.27699999999999997,252,"(70, 71]","(155, 160]","[0.26, 0.28)"
788,Dick Tracewski,R,71,160,0.213,8,"(70, 71]","(155, 160]","[0.2, 0.22)"
789,Dave Frost,R,78,235,0.0,0,"(77, 78]","(230, 235]","[0.0, 0.02)"
790,Mark Souza,L,72,180,0.0,0,"(71, 72]","(175, 180]","[0.0, 0.02)"
791,Bill Nahorodny,R,74,200,0.24100000000000002,25,"(73, 74]","(195, 200]","[0.24, 0.26)"
792,Bill Madlock,R,71,180,0.305,163,"(70, 71]","(175, 180]","[0.3, 0.32)"
793,Bob Boone,R,74,195,0.254,105,"(73, 74]","(190, 195]","[0.24, 0.26)"
794,Rick Jones,L,77,190,0.0,0,"(76, 77]","(185, 190]","[0.0, 0.02)"
795,Steve Kemp,L,72,195,0.278,130,"(71, 72]","(190, 195]","[0.26, 0.28)"
796,Rick Burleson,R,70,165,0.273,50,"(69, 70]","(160, 165]","[0.26, 0.28)"
797,Jim Dorsey,R,79,190,0.0,0,"(78, 79]","(185, 190]","[0.0, 0.02)"
798,Mark Ciardi,R,72,180,0.0,0,"(71, 72]","(175, 180]","[0.0, 0.02)"
799,Dennis Burtt,R,72,180,0.0,0,"(71, 72]","(175, 180]","[0.0, 0.02)"
800,Carl Taylor,R,74,200,0.266,10,"(73, 74]","(195, 200]","[0.26, 0.28)"
801,Terry Harmon,R,74,180,0.233,4,"(73, 74]","(175, 180]","[0.22, 0.24)"
802,Mike Hargrove,L,72,195,0.29,80,"(71, 72]","(190, 195]","[0.28, 0.3)"
803,Rich Yett,R,74,187,0.0,0,"(73, 74]","(185, 190]","[0.0, 0.02)"
804,Steve Hovley,L,70,188,0.258,8,"(69, 70]","(185, 190]","[0.24, 0.26)"
805,Don Leppert,R,74,220,0.22899999999999998,15,"(73, 74]","(215, 220]","[0.22, 0.24)"
806,Matt Williams,R,73,200,0.0,0,"(72, 73]","(195, 200]","[0.0, 0.02)"
807,Jim Burton,R,75,195,0.0,0,"(74, 75]","(190, 195]","[0.0, 0.02)"
808,Rick Anderson,R,74,210,0.0,0,"(73, 74]","(205, 210]","[0.0, 0.02)"
809,Charlie Mitchell,R,75,170,0.0,0,"(74, 75]","(165, 170]","[0.0, 0.02)"
810,Bill Paschall,R,72,175,0.0,0,"(71, 72]","(170, 175]","[0.0, 0.02)"
811,John Bohnet,B,72,175,0.0,0,"(71, 72]","(170, 175]","[0.0, 0.02)"
812,Byron McLaughlin,R,73,175,0.0,0,"(72, 73]","(170, 175]","[0.0, 0.02)"
813,Lee May,R,75,195,0.267,354,"(74, 75]","(190, 195]","[0.26, 0.28)"
814,Luis Quintana,L,74,175,0.0,0,"(73, 74]","(170, 175]","[0.0, 0.02)"
815,Sam McDowell,L,77,190,0.154,2,"(76, 77]","(185, 190]","[0.14, 0.16)"
816,Rick Renick,R,72,188,0.221,20,"(71, 72]","(185, 190]","[0.22, 0.24)"
817,Jeff Torborg,R,72,195,0.214,8,"(71, 72]","(190, 195]","[0.2, 0.22)"
818,Dave Campbell,R,73,180,0.213,20,"(72, 73]","(175, 180]","[0.2, 0.22)"
819,Pat Kelly,L,73,185,0.264,76,"(72, 73]","(180, 185]","[0.26, 0.28)"
820,Al Weis,B,72,160,0.21899999999999997,7,"(71, 72]","(155, 160]","[0.2, 0.22)"
821,Jerry Turner,L,69,180,0.257,45,"(68, 69]","(175, 180]","[0.24, 0.26)"
822,Rick Auerbach,R,72,165,0.22,9,"(71, 72]","(160, 165]","[0.22, 0.24)"
823,Keith Macwhorter,R,76,190,0.0,0,"(75, 76]","(185, 190]","[0.0, 0.02)"
824,Don Wilson,R,74,195,0.146,1,"(73, 74]","(190, 195]","[0.14, 0.16)"
825,Jaime Cocanower,R,76,200,0.0,0,"(75, 76]","(195, 200]","[0.0, 0.02)"
826,Jeff Sellers,R,73,175,0.0,0,"(72, 73]","(170, 175]","[0.0, 0.02)"
827,Sandy Valdespino,L,68,170,0.23,7,"(67, 68]","(165, 170]","[0.22, 0.24)"
828,Steve Senteney,R,74,205,0.0,0,"(73, 74]","(200, 205]","[0.0, 0.02)"
829,Howard Bailey,R,72,195,0.0,0,"(71, 72]","(190, 195]","[0.0, 0.02)"
830,Jeff Bettendorf,R,75,180,0.0,0,"(74, 75]","(175, 180]","[0.0, 0.02)"
831,Ken Phelps,L,73,209,0.239,123,"(72, 73]","(205, 210]","[0.22, 0.24)"
832,Cesar Cedeno,R,74,175,0.285,199,"(73, 74]","(170, 175]","[0.28, 0.3)"
833,Bob Davidson,R,72,185,0.0,0,"(71, 72]","(180, 185]","[0.0, 0.02)"
834,Phil Linz,R,73,180,0.235,11,"(72, 73]","(175, 180]","[0.22, 0.24)"
835,Manny Mota,R,70,160,0.304,31,"(69, 70]","(155, 160]","[0.3, 0.32)"
836,Brian Snyder,L,75,185,0.0,0,"(74, 75]","(180, 185]","[0.0, 0.02)"
837,Steve Renko,R,77,230,0.215,6,"(76, 77]","(225, 230]","[0.2, 0.22)"
838,Rick Sofield,L,73,195,0.243,9,"(72, 73]","(190, 195]","[0.24, 0.26)"
839,Carlos Velazquez,R,71,180,0.0,0,"(70, 71]","(175, 180]","[0.0, 0.02)"
840,Roger Miller,R,75,200,0.0,0,"(74, 75]","(195, 200]","[0.0, 0.02)"
841,Doug DeCinces,R,74,190,0.259,237,"(73, 74]","(185, 190]","[0.24, 0.26)"
842,John Castino,R,71,175,0.278,41,"(70, 71]","(170, 175]","[0.26, 0.28)"
843,Dave May,L,70,186,0.251,96,"(69, 70]","(185, 190]","[0.24, 0.26)"
844,Ron Washington,R,71,155,0.261,20,"(70, 71]","(150, 155]","[0.26, 0.28)"
845,Billy Grabarkewitz,R,70,165,0.23600000000000002,28,"(69, 70]","(160, 165]","[0.22, 0.24)"
846,Willie Aikens,L,75,220,0.271,110,"(74, 75]","(215, 220]","[0.26, 0.28)"
847,Earl Williams,R,75,215,0.247,138,"(74, 75]","(210, 215]","[0.24, 0.26)"
848,Willie Mueller,R,76,220,0.0,0,"(75, 76]","(215, 220]","[0.0, 0.02)"
849,John Flinn,R,72,175,0.0,0,"(71, 72]","(170, 175]","[0.0, 0.02)"
850,Don Hahn,R,73,180,0.23600000000000002,7,"(72, 73]","(175, 180]","[0.22, 0.24)"
851,Todd Cruz,R,72,175,0.22,34,"(71, 72]","(170, 175]","[0.22, 0.24)"
852,Tom Egan,R,76,218,0.2,22,"(75, 76]","(215, 220]","[0.2, 0.22)"
853,Bob Heise,R,72,175,0.247,1,"(71, 72]","(170, 175]","[0.24, 0.26)"
854,Tommy Harper,R,69,165,0.257,146,"(68, 69]","(160, 165]","[0.24, 0.26)"
855,Joe Wallis,B,71,180,0.244,16,"(70, 71]","(175, 180]","[0.24, 0.26)"
856,Max Alvis,R,71,185,0.247,111,"(70, 71]","(180, 185]","[0.24, 0.26)"
857,Rico Carty,R,75,200,0.299,204,"(74, 75]","(195, 200]","[0.28, 0.3)"
858,Mike Cubbage,L,72,180,0.258,34,"(71, 72]","(175, 180]","[0.24, 0.26)"
859,Les Straker,R,73,193,0.0,0,"(72, 73]","(190, 195]","[0.0, 0.02)"
860,Merritt Ranew,L,71,170,0.247,8,"(70, 71]","(165, 170]","[0.24, 0.26)"
861,Lyman Bostock,L,73,180,0.311,23,"(72, 73]","(175, 180]","[0.3, 0.32)"
862,Damaso Garcia,R,73,165,0.28300000000000003,36,"(72, 73]","(160, 165]","[0.28, 0.3)"
863,Don Kainer,R,75,205,0.0,0,"(74, 75]","(200, 205]","[0.0, 0.02)"
864,Don Gordon,R,73,175,0.0,0,"(72, 73]","(170, 175]","[0.0, 0.02)"
865,Roy Howell,L,73,190,0.261,80,"(72, 73]","(185, 190]","[0.26, 0.28)"
866,Boog Powell,L,76,230,0.266,339,"(75, 76]","(225, 230]","[0.26, 0.28)"
867,Sandy Wihtol,R,73,195,0.0,0,"(72, 73]","(190, 195]","[0.0, 0.02)"
868,Sonny Siebert,R,75,190,0.17300000000000001,12,"(74, 75]","(185, 190]","[0.16, 0.18)"
869,Jeff Richardson,R,75,185,0.0,0,"(74, 75]","(180, 185]","[0.0, 0.02)"
870,Bobby Darwin,R,74,190,0.251,83,"(73, 74]","(185, 190]","[0.24, 0.26)"
871,Dennis DeBarr,L,74,190,0.0,0,"(73, 74]","(185, 190]","[0.0, 0.02)"
872,Dan Driessen,L,71,187,0.267,153,"(70, 71]","(185, 190]","[0.26, 0.28)"
873,Bruce Miller,R,73,185,0.24600000000000002,1,"(72, 73]","(180, 185]","[0.24, 0.26)"
874,Bob Bailor,R,71,170,0.264,9,"(70, 71]","(165, 170]","[0.26, 0.28)"
875,Tommy Helms,R,70,165,0.26899999999999996,34,"(69, 70]","(160, 165]","[0.26, 0.28)"
876,Tony Armas,R,71,182,0.252,251,"(70, 71]","(180, 185]","[0.24, 0.26)"
877,Willie Horton,R,71,209,0.273,325,"(70, 71]","(205, 210]","[0.26, 0.28)"
878,Lou Piniella,R,72,182,0.29100000000000004,102,"(71, 72]","(180, 185]","[0.28, 0.3)"
879,Butch Hobson,R,73,193,0.248,98,"(72, 73]","(190, 195]","[0.24, 0.26)"
880,John Wathan,R,74,205,0.262,21,"(73, 74]","(200, 205]","[0.26, 0.28)"
881,Hal King,L,73,200,0.214,24,"(72, 73]","(195, 200]","[0.2, 0.22)"
882,Mike Krukow,R,77,205,0.193,5,"(76, 77]","(200, 205]","[0.18, 0.2)"
883,Andres Mora,R,72,180,0.223,27,"(71, 72]","(175, 180]","[0.22, 0.24)"
884,Barry Foote,R,75,205,0.23,57,"(74, 75]","(200, 205]","[0.22, 0.24)"
885,Ed Ott,L,70,190,0.259,33,"(69, 70]","(185, 190]","[0.24, 0.26)"
886,Alan Wiggins,B,74,160,0.259,5,"(73, 74]","(155, 160]","[0.24, 0.26)"
887,Ron Clark,R,70,175,0.18899999999999997,5,"(69, 70]","(170, 175]","[0.18, 0.2)"
888,Jay Pettibone,R,76,182,0.0,0,"(75, 76]","(180, 185]","[0.0, 0.02)"
889,Glen Cook,R,71,180,0.0,0,"(70, 71]","(175, 180]","[0.0, 0.02)"
890,Julio Gotay,R,72,180,0.26,6,"(71, 72]","(175, 180]","[0.26, 0.28)"
891,Gary Alexander,R,74,195,0.23,55,"(73, 74]","(190, 195]","[0.22, 0.24)"
892,Andre Thornton,R,75,200,0.254,253,"(74, 75]","(195, 200]","[0.24, 0.26)"
893,Bob Oliver,R,75,205,0.256,94,"(74, 75]","(200, 205]","[0.24, 0.26)"
894,Bill Castro,R,71,170,0.0,0,"(70, 71]","(165, 170]","[0.0, 0.02)"
895,Ed Hodge,L,74,192,0.0,0,"(73, 74]","(190, 195]","[0.0, 0.02)"
896,Tom Buskey,R,75,200,0.0,0,"(74, 75]","(195, 200]","[0.0, 0.02)"
897,Bruce Taylor,R,72,178,0.0,0,"(71, 72]","(175, 180]","[0.0, 0.02)"
898,Stan Thomas,R,74,185,0.0,0,"(73, 74]","(180, 185]","[0.0, 0.02)"
899,Bob Robertson,R,73,195,0.242,115,"(72, 73]","(190, 195]","[0.24, 0.26)"
900,Larry Monroe,R,76,200,0.0,0,"(75, 76]","(195, 200]","[0.0, 0.02)"
901,Roger Slagle,R,75,190,0.0,0,"(74, 75]","(185, 190]","[0.0, 0.02)"
902,Ollie Brown,R,74,178,0.265,102,"(73, 74]","(175, 180]","[0.26, 0.28)"
903,Jim Campbell,L,71,175,0.0,0,"(70, 71]","(170, 175]","[0.0, 0.02)"
904,Frank Quilici,R,73,170,0.214,5,"(72, 73]","(165, 170]","[0.2, 0.22)"
905,Curt Kaufman,R,74,175,0.0,0,"(73, 74]","(170, 175]","[0.0, 0.02)"
906,Joe Pepitone,L,74,185,0.258,219,"(73, 74]","(180, 185]","[0.24, 0.26)"
907,Steve Barber,L,72,195,0.115,5,"(71, 72]","(190, 195]","[0.1, 0.12)"
908,De Wayne Vaughn,R,71,180,0.0,0,"(70, 71]","(175, 180]","[0.0, 0.02)"
909,Norm Miller,L,70,185,0.23800000000000002,24,"(69, 70]","(180, 185]","[0.22, 0.24)"
910,Bob Galasso,L,73,205,0.0,0,"(72, 73]","(200, 205]","[0.0, 0.02)"
911,Rich Wortham,R,72,185,0.0,0,"(71, 72]","(180, 185]","[0.0, 0.02)"
912,Bob Chance,L,74,196,0.261,24,"(73, 74]","(195, 200]","[0.26, 0.28)"
913,Julio Cruz,B,69,165,0.237,23,"(68, 69]","(160, 165]","[0.22, 0.24)"
914,Bill Sample,R,69,175,0.272,46,"(68, 69]","(170, 175]","[0.26, 0.28)"
915,Juan Nieves,L,75,175,0.0,0,"(74, 75]","(170, 175]","[0.0, 0.02)"
916,Mike Bacsik,R,74,180,0.0,0,"(73, 74]","(175, 180]","[0.0, 0.02)"
917,Craig Kusick,R,75,210,0.235,46,"(74, 75]","(205, 210]","[0.22, 0.24)"
918,Rudy Meoli,L,69,165,0.212,2,"(68, 69]","(160, 165]","[0.2, 0.22)"
919,Ruppert Jones,L,70,170,0.25,147,"(69, 70]","(165, 170]","[0.24, 0.26)"
920,Glenn Hoffman,R,73,175,0.242,23,"(72, 73]","(170, 175]","[0.24, 0.26)"
921,Russ Gibson,R,73,195,0.228,8,"(72, 73]","(190, 195]","[0.22, 0.24)"
922,Phil Huffman,R,74,180,0.0,0,"(73, 74]","(175, 180]","[0.0, 0.02)"
923,Terry Francona,L,73,190,0.27399999999999997,16,"(72, 73]","(185, 190]","[0.26, 0.28)"
924,John Bateman,R,75,210,0.23,81,"(74, 75]","(205, 210]","[0.22, 0.24)"
925,Luis Pujols,R,74,175,0.193,6,"(73, 74]","(170, 175]","[0.18, 0.2)"
926,Joe Gaines,R,73,190,0.24100000000000002,21,"(72, 73]","(185, 190]","[0.24, 0.26)"
927,Doug Rader,R,74,208,0.251,155,"(73, 74]","(205, 210]","[0.24, 0.26)"
928,Mickey Stanley,R,73,185,0.248,117,"(72, 73]","(180, 185]","[0.24, 0.26)"
929,Steve Brown,R,77,200,0.0,0,"(76, 77]","(195, 200]","[0.0, 0.02)"
930,Rick Lysander,R,74,190,0.0,0,"(73, 74]","(185, 190]","[0.0, 0.02)"
931,Phil Bradley,R,72,185,0.28600000000000003,78,"(71, 72]","(180, 185]","[0.28, 0.3)"
932,Winston Llenas,R,70,165,0.23,3,"(69, 70]","(160, 165]","[0.22, 0.24)"
933,Charlie Moore,R,71,180,0.261,36,"(70, 71]","(175, 180]","[0.26, 0.28)"
934,Ralph Garr,L,71,185,0.306,75,"(70, 71]","(180, 185]","[0.3, 0.32)"
935,Tommy John,R,75,180,0.157,5,"(74, 75]","(175, 180]","[0.14, 0.16)"
936,Bruce Benedict,R,73,175,0.242,18,"(72, 73]","(170, 175]","[0.24, 0.26)"
937,John Ellis,R,74,225,0.262,69,"(73, 74]","(220, 225]","[0.26, 0.28)"
938,Wes Parker,B,73,180,0.267,64,"(72, 73]","(175, 180]","[0.26, 0.28)"
939,Mel Stottlemyre,R,72,190,0.0,0,"(71, 72]","(185, 190]","[0.0, 0.02)"
940,David Green,R,75,170,0.268,31,"(74, 75]","(165, 170]","[0.26, 0.28)"
941,Reid Nichols,R,71,165,0.266,22,"(70, 71]","(160, 165]","[0.26, 0.28)"
942,Rick Reichardt,R,75,210,0.261,116,"(74, 75]","(205, 210]","[0.26, 0.28)"
943,Luis Tiant,R,72,180,0.16399999999999998,5,"(71, 72]","(175, 180]","[0.16, 0.18)"
944,Alex Sanchez,R,74,185,0.0,0,"(73, 74]","(180, 185]","[0.0, 0.02)"
945,Broderick Perkins,L,70,180,0.271,8,"(69, 70]","(175, 180]","[0.26, 0.28)"
946,Leon Roberts,R,75,200,0.267,78,"(74, 75]","(195, 200]","[0.26, 0.28)"
947,Ray Burris,R,77,200,0.151,1,"(76, 77]","(195, 200]","[0.14, 0.16)"
948,Len Gabrielson,L,76,210,0.253,37,"(75, 76]","(205, 210]","[0.24, 0.26)"
949,Johnny Edwards,L,76,220,0.242,81,"(75, 76]","(215, 220]","[0.24, 0.26)"
950,Paul Wilmet,R,71,170,0.0,0,"(70, 71]","(165, 170]","[0.0, 0.02)"
951,Tom Grieve,R,74,190,0.249,65,"(73, 74]","(185, 190]","[0.24, 0.26)"
952,Bruce Ellingsen,L,72,180,0.0,0,"(71, 72]","(175, 180]","[0.0, 0.02)"
953,Bob Forsch,R,76,200,0.213,12,"(75, 76]","(195, 200]","[0.2, 0.22)"
954,Gorman Heimueller,L,76,195,0.0,0,"(75, 76]","(190, 195]","[0.0, 0.02)"
955,Danny Cater,R,72,170,0.276,66,"(71, 72]","(165, 170]","[0.26, 0.28)"
956,Bill Schroeder,R,74,200,0.24,61,"(73, 74]","(195, 200]","[0.24, 0.26)"
957,Clay Dalrymple,L,72,190,0.233,55,"(71, 72]","(185, 190]","[0.22, 0.24)"
958,Carlos May,L,71,200,0.27399999999999997,90,"(70, 71]","(195, 200]","[0.26, 0.28)"
959,Reggie Smith,B,72,180,0.287,314,"(71, 72]","(175, 180]","[0.28, 0.3)"
960,Ron Reed,R,78,215,0.158,0,"(77, 78]","(210, 215]","[0.14, 0.16)"
961,Fred Howard,R,75,190,0.0,0,"(74, 75]","(185, 190]","[0.0, 0.02)"
962,Davey Johnson,R,73,170,0.261,136,"(72, 73]","(165, 170]","[0.26, 0.28)"
963,Ellis Valentine,R,76,205,0.278,123,"(75, 76]","(200, 205]","[0.26, 0.28)"
964,Roy White,B,70,160,0.271,160,"(69, 70]","(155, 160]","[0.26, 0.28)"
965,Mike Brumley,L,70,195,0.22899999999999998,5,"(69, 70]","(190, 195]","[0.22, 0.24)"
966,Al Luplow,L,70,175,0.235,33,"(69, 70]","(170, 175]","[0.22, 0.24)"
967,John Hoover,R,74,190,0.0,0,"(73, 74]","(185, 190]","[0.0, 0.02)"
968,Dick Allen,R,71,187,0.292,351,"(70, 71]","(185, 190]","[0.28, 0.3)"
969,Doug Ault,R,75,200,0.23600000000000002,17,"(74, 75]","(195, 200]","[0.22, 0.24)"
970,Mark Wagner,R,72,165,0.243,3,"(71, 72]","(160, 165]","[0.24, 0.26)"
971,Mike Walters,R,77,203,0.0,0,"(76, 77]","(200, 205]","[0.0, 0.02)"
972,Willie Stargell,L,74,188,0.282,475,"(73, 74]","(185, 190]","[0.28, 0.3)"
973,Steve Carlton,L,76,210,0.201,13,"(75, 76]","(205, 210]","[0.2, 0.22)"
974,Jake Wood,R,73,163,0.25,35,"(72, 73]","(160, 165]","[0.24, 0.26)"
975,Del Unser,L,73,180,0.258,87,"(72, 73]","(175, 180]","[0.24, 0.26)"
976,Bob Brower,R,71,185,0.242,17,"(70, 71]","(180, 185]","[0.24, 0.26)"
977,Ray Culp,R,72,200,0.12300000000000001,1,"(71, 72]","(195, 200]","[0.12, 0.14)"
978,Ivan Murrell,R,74,195,0.23600000000000002,33,"(73, 74]","(190, 195]","[0.22, 0.24)"
979,Lee Mazzilli,B,73,180,0.259,93,"(72, 73]","(175, 180]","[0.24, 0.26)"
980,Garth Iorg,R,71,170,0.258,20,"(70, 71]","(165, 170]","[0.24, 0.26)"
981,Alan Ashby,B,74,185,0.245,90,"(73, 74]","(180, 185]","[0.24, 0.26)"
982,Bob Brenly,R,74,210,0.247,91,"(73, 74]","(205, 210]","[0.24, 0.26)"
983,Ron Blomberg,L,73,195,0.293,52,"(72, 73]","(190, 195]","[0.28, 0.3)"
984,Jim Rooker,R,72,195,0.201,7,"(71, 72]","(190, 195]","[0.2, 0.22)"
985,Tim Blackwell,B,71,170,0.228,6,"(70, 71]","(165, 170]","[0.22, 0.24)"
986,Colby Ward,R,74,185,0.0,0,"(73, 74]","(180, 185]","[0.0, 0.02)"
987,Jerry Morales,R,70,155,0.259,95,"(69, 70]","(150, 155]","[0.24, 0.26)"
988,Davey Lopes,R,69,170,0.263,155,"(68, 69]","(165, 170]","[0.26, 0.28)"
989,Catfish Hunter,R,72,190,0.226,6,"(71, 72]","(185, 190]","[0.22, 0.24)"
990,Mario Soto,R,72,174,0.132,1,"(71, 72]","(170, 175]","[0.12, 0.14)"
991,Jimmy Wynn,R,70,160,0.25,291,"(69, 70]","(155, 160]","[0.24, 0.26)"
992,Hank Allen,R,72,190,0.24100000000000002,6,"(71, 72]","(185, 190]","[0.24, 0.26)"
993,Jim Fregosi,R,73,190,0.265,151,"(72, 73]","(185, 190]","[0.26, 0.28)"
994,Pepe Frias,R,70,159,0.24,1,"(69, 70]","(155, 160]","[0.24, 0.26)"
995,Mike Schmidt,R,74,195,0.267,548,"(73, 74]","(190, 195]","[0.26, 0.28)"
996,Willie Montanez,L,72,170,0.275,139,"(71, 72]","(165, 170]","[0.26, 0.28)"
997,Rey Quinones,R,71,160,0.243,29,"(70, 71]","(155, 160]","[0.24, 0.26)"
998,Mike Squires,L,71,185,0.26,6,"(70, 71]","(180, 185]","[0.26, 0.28)"
999,Champ Summers,L,74,205,0.255,54,"(73, 74]","(200, 205]","[0.24, 0.26)"
1000,Chuck Porter,R,75,187,0.0,0,"(74, 75]","(185, 190]","[0.0, 0.02)"
1001,Bert Campaneris,R,70,160,0.259,79,"(69, 70]","(155, 160]","[0.24, 0.26)"
1002,Bobby Valentine,R,70,189,0.26,12,"(69, 70]","(185, 190]","[0.26, 0.28)"
1003,Rob Andrews,R,72,185,0.251,3,"(71, 72]","(180, 185]","[0.24, 0.26)"
1004,Tom Haller,L,76,195,0.257,134,"(75, 76]","(190, 195]","[0.24, 0.26)"
1005,Tom Dozier,R,74,190,0.0,0,"(73, 74]","(185, 190]","[0.0, 0.02)"
1006,Ed Stroud,L,71,180,0.237,14,"(70, 71]","(175, 180]","[0.22, 0.24)"
1007,Ron Swoboda,R,74,195,0.242,73,"(73, 74]","(190, 195]","[0.24, 0.26)"
1008,Harry Spilman,L,73,180,0.237,18,"(72, 73]","(175, 180]","[0.22, 0.24)"
1009,Bob Barton,R,72,175,0.226,9,"(71, 72]","(170, 175]","[0.22, 0.24)"
1010,Daryl Sconiers,L,74,185,0.265,15,"(73, 74]","(180, 185]","[0.26, 0.28)"
1011,Joe Torre,R,74,212,0.297,252,"(73, 74]","(210, 215]","[0.28, 0.3)"
1012,Al Ferrara,R,73,200,0.259,51,"(72, 73]","(195, 200]","[0.24, 0.26)"
1013,Rick Steirer,R,76,200,0.0,0,"(75, 76]","(195, 200]","[0.0, 0.02)"
1014,Sixto Lezcano,R,70,165,0.271,148,"(69, 70]","(160, 165]","[0.26, 0.28)"
1015,Al Lachowicz,R,75,198,0.0,0,"(74, 75]","(195, 200]","[0.0, 0.02)"
1016,Dave Nicholson,R,74,215,0.212,61,"(73, 74]","(210, 215]","[0.2, 0.22)"
1017,Freddie Patek,R,65,148,0.242,41,"(64, 65]","(145, 150]","[0.24, 0.26)"
1018,Ken Hubbs,R,74,175,0.247,14,"(73, 74]","(170, 175]","[0.24, 0.26)"
1019,Pepe Mangual,R,70,157,0.242,16,"(69, 70]","(155, 160]","[0.24, 0.26)"
1020,Leron Lee,L,72,196,0.25,31,"(71, 72]","(195, 200]","[0.24, 0.26)"
1021,Tom McCarthy,R,72,180,0.0,0,"(71, 72]","(175, 180]","[0.0, 0.02)"
1022,Steve Ontiveros,B,72,185,0.27399999999999997,24,"(71, 72]","(180, 185]","[0.26, 0.28)"
1023,Willie Davis,L,74,180,0.27899999999999997,182,"(73, 74]","(175, 180]","[0.26, 0.28)"
1024,Tom Lawless,R,71,170,0.207,2,"(70, 71]","(165, 170]","[0.2, 0.22)"
1025,Jerry Moses,R,75,210,0.251,25,"(74, 75]","(205, 210]","[0.24, 0.26)"
1026,Bobby Bonds,R,73,190,0.268,332,"(72, 73]","(185, 190]","[0.26, 0.28)"
1027,Dave McNally,R,71,185,0.133,9,"(70, 71]","(180, 185]","[0.12, 0.14)"
1028,Darrell Brown,B,72,184,0.27399999999999997,1,"(71, 72]","(180, 185]","[0.26, 0.28)"
1029,Roy Foster,R,72,185,0.253,45,"(71, 72]","(180, 185]","[0.24, 0.26)"
1030,Denis Menke,R,72,185,0.25,101,"(71, 72]","(180, 185]","[0.24, 0.26)"
1031,Hal Breeden,R,74,200,0.243,21,"(73, 74]","(195, 200]","[0.24, 0.26)"
1032,Manny Trillo,R,73,150,0.263,61,"(72, 73]","(145, 150]","[0.26, 0.28)"
1033,Jackie Gutierrez,R,71,175,0.237,4,"(70, 71]","(170, 175]","[0.22, 0.24)"
1034,Jerry Kenney,L,73,170,0.237,7,"(72, 73]","(165, 170]","[0.22, 0.24)"
1035,Fred Kendall,R,73,185,0.23399999999999999,31,"(72, 73]","(180, 185]","[0.22, 0.24)"
1036,Mike Anderson,R,74,200,0.24600000000000002,28,"(73, 74]","(195, 200]","[0.24, 0.26)"
1037,Jim Lewis,R,75,190,0.0,0,"(74, 75]","(185, 190]","[0.0, 0.02)"
1038,Joe Charboneau,R,74,205,0.266,29,"(73, 74]","(200, 205]","[0.26, 0.28)"
1039,Jimmie Schaffer,R,69,170,0.223,11,"(68, 69]","(165, 170]","[0.22, 0.24)"
1040,Junior Kennedy,R,71,175,0.248,4,"(70, 71]","(170, 175]","[0.24, 0.26)"
1041,Wilbur Howard,B,74,170,0.25,6,"(73, 74]","(165, 170]","[0.24, 0.26)"
1042,Rod Gilbreath,R,74,180,0.248,14,"(73, 74]","(175, 180]","[0.24, 0.26)"
1043,Mark Brouhard,R,73,210,0.259,25,"(72, 73]","(205, 210]","[0.24, 0.26)"
1044,Dan Morogiello,L,73,200,0.0,0,"(72, 73]","(195, 200]","[0.0, 0.02)"
1045,Mike Young,B,74,195,0.247,72,"(73, 74]","(190, 195]","[0.24, 0.26)"
1046,Chris Speier,R,73,175,0.24600000000000002,112,"(72, 73]","(170, 175]","[0.24, 0.26)"
1047,Gene Michael,B,74,183,0.22899999999999998,15,"(73, 74]","(180, 185]","[0.22, 0.24)"
1048,Vic Harris,B,71,165,0.217,13,"(70, 71]","(160, 165]","[0.2, 0.22)"
1049,Mike Fischlin,R,73,165,0.22,3,"(72, 73]","(160, 165]","[0.22, 0.24)"
1050,Don Money,R,73,170,0.261,176,"(72, 73]","(165, 170]","[0.26, 0.28)"
1051,Joe Rudi,R,74,200,0.264,179,"(73, 74]","(195, 200]","[0.26, 0.28)"
1052,Jim Rice,R,74,200,0.298,382,"(73, 74]","(195, 200]","[0.28, 0.3)"
1053,Shawn Holman,R,74,185,0.0,0,"(73, 74]","(180, 185]","[0.0, 0.02)"
1054,Alan Wirth,R,76,190,0.0,0,"(75, 76]","(185, 190]","[0.0, 0.02)"
1055,Gil Garrido,R,69,150,0.237,1,"(68, 69]","(145, 150]","[0.22, 0.24)"
1056,Marty Perez,R,71,160,0.24600000000000002,22,"(70, 71]","(155, 160]","[0.24, 0.26)"
1057,Tom Matchick,L,73,173,0.215,4,"(72, 73]","(170, 175]","[0.2, 0.22)"
1058,Jack Perconte,L,70,160,0.27,2,"(69, 70]","(155, 160]","[0.26, 0.28)"
1059,Ed Kirkpatrick,L,71,195,0.23800000000000002,85,"(70, 71]","(190, 195]","[0.22, 0.24)"
1060,Jerry Grote,R,70,185,0.252,39,"(69, 70]","(180, 185]","[0.24, 0.26)"
1061,Ellie Hendricks,L,73,175,0.22,62,"(72, 73]","(170, 175]","[0.22, 0.24)"
1062,Jim Beauchamp,R,74,190,0.231,14,"(73, 74]","(185, 190]","[0.22, 0.24)"
1063,Terry Wilshusen,R,74,210,0.0,0,"(73, 74]","(205, 210]","[0.0, 0.02)"
1064,Tito Fuentes,B,71,175,0.268,45,"(70, 71]","(170, 175]","[0.26, 0.28)"
1065,Ron Brand,R,67,167,0.239,3,"(66, 67]","(165, 170]","[0.22, 0.24)"
1066,Leo Cardenas,R,71,150,0.257,118,"(70, 71]","(145, 150]","[0.24, 0.26)"
1067,Art Shamsky,L,73,168,0.253,68,"(72, 73]","(165, 170]","[0.24, 0.26)"
1068,Steve Ellsworth,R,80,220,0.0,0,"(79, 80]","(215, 220]","[0.0, 0.02)"
1069,Ron Cey,R,70,185,0.261,316,"(69, 70]","(180, 185]","[0.26, 0.28)"
1070,Skip Jutze,R,71,190,0.215,3,"(70, 71]","(185, 190]","[0.2, 0.22)"
1071,Butch Wynegar,B,73,190,0.255,65,"(72, 73]","(185, 190]","[0.24, 0.26)"
1072,Ron LeFlore,R,72,200,0.28800000000000003,59,"(71, 72]","(195, 200]","[0.28, 0.3)"
1073,Bill Russell,R,72,175,0.263,46,"(71, 72]","(170, 175]","[0.26, 0.28)"
1074,Gene Tenace,R,72,190,0.24100000000000002,201,"(71, 72]","(185, 190]","[0.24, 0.26)"
1075,Bubba Morton,R,70,175,0.267,14,"(69, 70]","(170, 175]","[0.26, 0.28)"
1076,Ellie Rodriguez,R,71,185,0.245,16,"(70, 71]","(180, 185]","[0.24, 0.26)"
1077,Darrel Chaney,B,74,188,0.217,14,"(73, 74]","(185, 190]","[0.2, 0.22)"
1078,Dick Nen,L,74,200,0.22399999999999998,21,"(73, 74]","(195, 200]","[0.22, 0.24)"
1079,Bryan Kelly,R,74,195,0.0,0,"(73, 74]","(190, 195]","[0.0, 0.02)"
1080,Bill Freehan,R,75,203,0.262,200,"(74, 75]","(200, 205]","[0.26, 0.28)"
1081,Steve Nicosia,R,70,185,0.248,11,"(69, 70]","(180, 185]","[0.24, 0.26)"
1082,Ted Savage,R,73,185,0.233,34,"(72, 73]","(180, 185]","[0.22, 0.24)"
1083,Pete Mackanin,R,74,190,0.226,30,"(73, 74]","(185, 190]","[0.22, 0.24)"
1084,Rich Dauer,R,72,180,0.257,43,"(71, 72]","(175, 180]","[0.24, 0.26)"
1085,Mick Kelleher,R,69,176,0.213,0,"(68, 69]","(175, 180]","[0.2, 0.22)"
1086,Rowland Office,L,72,170,0.259,32,"(71, 72]","(165, 170]","[0.24, 0.26)"
1087,Rick Leach,L,73,180,0.268,18,"(72, 73]","(175, 180]","[0.26, 0.28)"
1088,Dwayne Murphy,L,73,185,0.24600000000000002,166,"(72, 73]","(180, 185]","[0.24, 0.26)"
1089,Larry Harlow,L,74,185,0.248,12,"(73, 74]","(180, 185]","[0.24, 0.26)"
1090,Mike Epstein,L,75,230,0.244,130,"(74, 75]","(225, 230]","[0.24, 0.26)"
1091,Jerry Mumphrey,B,74,185,0.289,70,"(73, 74]","(180, 185]","[0.28, 0.3)"
1092,Don Sutton,R,73,185,0.14400000000000002,0,"(72, 73]","(180, 185]","[0.14, 0.16)"
1093,Glenn Beckert,R,73,190,0.28300000000000003,22,"(72, 73]","(185, 190]","[0.28, 0.3)"
1094,Ron Davis,R,72,175,0.233,10,"(71, 72]","(170, 175]","[0.22, 0.24)"
1095,Mike Shannon,R,75,195,0.255,68,"(74, 75]","(190, 195]","[0.24, 0.26)"
1096,Jason Thompson,L,76,200,0.261,208,"(75, 76]","(195, 200]","[0.26, 0.28)"
1097,Wayne Tolleson,B,69,160,0.24100000000000002,9,"(68, 69]","(155, 160]","[0.24, 0.26)"
1098,John Leister,R,74,200,0.0,0,"(73, 74]","(195, 200]","[0.0, 0.02)"
1099,Don Cooper,R,73,185,0.0,0,"(72, 73]","(180, 185]","[0.0, 0.02)"
1100,Mike Jorgensen,L,72,195,0.243,95,"(71, 72]","(190, 195]","[0.24, 0.26)"
1101,Ed Romero,R,71,160,0.247,8,"(70, 71]","(155, 160]","[0.24, 0.26)"
1102,Rick Joseph,R,73,192,0.243,13,"(72, 73]","(190, 195]","[0.24, 0.26)"
1103,Cecil Cooper,L,74,165,0.298,241,"(73, 74]","(160, 165]","[0.28, 0.3)"
1104,Bill Almon,R,75,180,0.254,36,"(74, 75]","(175, 180]","[0.24, 0.26)"
1105,Joe Ferguson,R,74,200,0.24,122,"(73, 74]","(195, 200]","[0.24, 0.26)"
1106,Jeff Jones,R,75,210,0.0,0,"(74, 75]","(205, 210]","[0.0, 0.02)"
1107,Jerry Terrell,R,71,165,0.253,4,"(70, 71]","(160, 165]","[0.24, 0.26)"
1108,John Poloni,L,77,210,0.0,0,"(76, 77]","(205, 210]","[0.0, 0.02)"
1109,Dave Revering,L,76,210,0.265,62,"(75, 76]","(205, 210]","[0.26, 0.28)"
1110,Curt Ford,L,70,150,0.245,7,"(69, 70]","(145, 150]","[0.24, 0.26)"
1111,Jerry Dybzinski,R,74,180,0.23399999999999999,3,"(73, 74]","(175, 180]","[0.22, 0.24)"
1112,Mike Willis,L,74,205,0.0,0,"(73, 74]","(200, 205]","[0.0, 0.02)"
1113,Bob Burda,L,71,174,0.22399999999999998,13,"(70, 71]","(170, 175]","[0.22, 0.24)"
1114,Jesse Gonder,L,70,180,0.251,26,"(69, 70]","(175, 180]","[0.24, 0.26)"
1115,Gary Sutherland,R,72,185,0.243,24,"(71, 72]","(180, 185]","[0.24, 0.26)"
1116,Bob Coluccio,R,71,183,0.22,26,"(70, 71]","(180, 185]","[0.22, 0.24)"
1117,Dave Rader,L,71,165,0.257,30,"(70, 71]","(160, 165]","[0.24, 0.26)"
1118,Ron Gardenhire,R,72,175,0.23199999999999998,4,"(71, 72]","(170, 175]","[0.22, 0.24)"
1119,Bill Sharp,L,70,178,0.255,9,"(69, 70]","(175, 180]","[0.24, 0.26)"
1120,Alan Bannister,R,71,170,0.27,19,"(70, 71]","(165, 170]","[0.26, 0.28)"
1121,Bob Watson,R,72,201,0.295,184,"(71, 72]","(200, 205]","[0.28, 0.3)"
1122,Ken Harrelson,R,74,190,0.239,131,"(73, 74]","(185, 190]","[0.22, 0.24)"
1123,Bobby Wine,R,73,187,0.215,30,"(72, 73]","(185, 190]","[0.2, 0.22)"
1124,Stefan Wever,R,80,245,0.0,0,"(79, 80]","(240, 245]","[0.0, 0.02)"
1125,John Kennedy,R,72,185,0.225,32,"(71, 72]","(180, 185]","[0.22, 0.24)"
1126,Chico Ruiz,B,72,169,0.24,2,"(71, 72]","(165, 170]","[0.24, 0.26)"
1127,Dave Johnson,R,73,183,0.0,0,"(72, 73]","(180, 185]","[0.0, 0.02)"
1128,Gail Hopkins,L,70,198,0.266,25,"(69, 70]","(195, 200]","[0.26, 0.28)"
1129,Doug Frobel,L,76,196,0.201,20,"(75, 76]","(195, 200]","[0.2, 0.22)"
1130,Luis Melendez,R,72,165,0.248,9,"(71, 72]","(160, 165]","[0.24, 0.26)"
1131,Jerry Augustine,L,72,183,0.0,0,"(71, 72]","(180, 185]","[0.0, 0.02)"
1132,Bill Plummer,R,73,190,0.188,14,"(72, 73]","(185, 190]","[0.18, 0.2)"
1133,Buck Rodgers,B,74,190,0.23199999999999998,31,"(73, 74]","(185, 190]","[0.22, 0.24)"
1134,Phil Niekro,R,73,180,0.16899999999999998,7,"(72, 73]","(175, 180]","[0.16, 0.18)"
1135,Jeff Holly,L,77,210,0.0,0,"(76, 77]","(205, 210]","[0.0, 0.02)"
1136,Tom Poquette,L,70,175,0.268,10,"(69, 70]","(170, 175]","[0.26, 0.28)"
1137,Eric Hetzel,R,75,175,0.0,0,"(74, 75]","(170, 175]","[0.0, 0.02)"
1138,Brian Asselstine,L,73,175,0.254,12,"(72, 73]","(170, 175]","[0.24, 0.26)"
1139,Rick Miller,L,72,175,0.26899999999999996,28,"(71, 72]","(170, 175]","[0.26, 0.28)"
1140,Ed Charles,R,70,170,0.263,86,"(69, 70]","(165, 170]","[0.26, 0.28)"
1141,Luis Gomez,R,69,150,0.21,0,"(68, 69]","(145, 150]","[0.2, 0.22)"
1142,Dave Lemanczyk,R,76,235,0.0,0,"(75, 76]","(230, 235]","[0.0, 0.02)"
1143,Al Jones,R,76,210,0.0,0,"(75, 76]","(205, 210]","[0.0, 0.02)"
1144,Floyd Rayford,R,70,190,0.244,38,"(69, 70]","(185, 190]","[0.24, 0.26)"
1145,Sam Hinds,R,78,215,0.0,0,"(77, 78]","(210, 215]","[0.0, 0.02)"
1146,Tony Conigliaro,R,75,185,0.264,166,"(74, 75]","(180, 185]","[0.26, 0.28)"
1147,Clay Christiansen,R,77,205,0.0,0,"(76, 77]","(200, 205]","[0.0, 0.02)"
1148,Jim Barr,R,75,205,0.162,1,"(74, 75]","(200, 205]","[0.16, 0.18)"
1149,Jerry Remy,L,69,165,0.275,7,"(68, 69]","(160, 165]","[0.26, 0.28)"
1150,Larry Rothschild,L,74,180,0.0,0,"(73, 74]","(175, 180]","[0.0, 0.02)"
1151,Frank Duffy,R,73,180,0.23199999999999998,26,"(72, 73]","(175, 180]","[0.22, 0.24)"
1152,Gary Lance,B,75,195,0.0,0,"(74, 75]","(190, 195]","[0.0, 0.02)"
1153,Tom O'Malley,L,72,180,0.256,13,"(71, 72]","(175, 180]","[0.24, 0.26)"
1154,Phil Garner,R,70,175,0.26,109,"(69, 70]","(170, 175]","[0.26, 0.28)"
1155,Larry Pashnick,R,75,205,0.0,0,"(74, 75]","(200, 205]","[0.0, 0.02)"
1156,Todd Fischer,R,70,170,0.0,0,"(69, 70]","(165, 170]","[0.0, 0.02)"
